Supplier ID,Material/Product,Order Date,Delivery Date,Quantity,Price,Transportation Mode,Delivery Location,Quality Metrics
SPL-104,Oil,2023-04-08,2023-04-15,33,20386.71,Air,USA,99.72
SPL-217,Turbines,2023-12-03,2023-12-25,402,23039.44,Ship,Germany,90.46
SPL-732,Cables,2023-05-01,2023-05-14,73,45211.9,Air,Germany,97.44
SPL-806,Transformers,2023-12-31,2024-01-20,381,15681.53,Ship,Brazil,96.31
SPL-944,Transformers,2023-03-13,2023-03-25,32,25132.95,Ship,USA,80.3
SPL-407,Gas,2023-11-13,2023-12-05,109,31230.88,Air,Brazil,99.67
SPL-592,Transformers,2023-01-27,2023-02-12,484,14436.03,Air,Canada,80.05
SPL-639,Oil,2023-04-13,2023-04-19,500,38396.1,Air,India,90.59
SPL-851,Gas,2023-01-23,2023-02-05,448,1617.35,Air,USA,82.24
SPL-465,Transformers,2023-05-27,2023-06-10,477,22852.21,Rail,China,96.36
SPL-141,Cables,2023-10-18,2023-11-03,168,23482.77,Ship,Germany,98.82
SPL-342,Gas,2023-04-28,2023-05-16,76,18590.09,Rail,Germany,90.88
SPL-153,Cables,2023-01-27,2023-02-05,218,13521.29,Ship,India,99.49
SPL-576,Transformers,2023-09-09,2023-09-30,141,37611.33,Ship,Brazil,89.87
SPL-724,Oil,2023-10-15,2023-11-02,143,40740.49,Air,Canada,81.62
SPL-312,Pipelines,2023-07-14,2023-07-30,114,41234.49,Ship,Canada,86.91
SPL-144,Gas,2023-10-14,2023-10-22,405,49650.06,Air,Brazil,98.19
SPL-471,Gas,2023-07-20,2023-08-05,401,19339.92,Ship,Canada,98.2
SPL-642,Gas,2023-06-22,2023-07-22,364,41172.64,Ship,Germany,88.84
SPL-565,Turbines,2023-04-21,2023-05-04,363,27512.67,Truck,USA,91.33
SPL-147,Gas,2023-12-15,2024-01-03,289,33264.47,Truck,Germany,96.23
SPL-524,Turbines,2023-11-20,2023-12-08,122,3346.28,Rail,USA,97.84
SPL-376,Pipelines,2023-11-10,2023-11-18,101,4083.56,Rail,Canada,97.52
SPL-874,Pipelines,2023-05-05,2023-05-15,395,44532.65,Ship,India,86.92
SPL-282,Gas,2023-11-19,2023-12-09,496,17896.75,Truck,India,82.17
SPL-789,Oil,2023-10-27,2023-11-18,297,17911.74,Truck,China,99.87
SPL-458,Turbines,2023-05-30,2023-06-02,219,22922.39,Ship,USA,98.86
SPL-536,Turbines,2023-12-02,2023-12-10,239,27224.21,Rail,Brazil,91.71
SPL-683,Gas,2023-03-24,2023-04-08,348,49766.11,Truck,China,85.2
SPL-982,Turbines,2023-07-13,2023-07-20,126,8373.96,Ship,China,95.45
SPL-792,Transformers,2023-06-12,2023-07-02,384,31169.36,Ship,China,82.66
SPL-376,Gas,2023-09-25,2023-10-21,222,30024.6,Ship,China,80.54
SPL-821,Transformers,2023-04-15,2023-05-15,47,18517.89,Ship,Brazil,98.71
SPL-872,Oil,2023-03-09,2023-03-22,271,48960.1,Air,India,86.24
SPL-968,Oil,2023-02-23,2023-02-27,453,9956.64,Ship,Germany,84.99
SPL-340,Turbines,2023-02-11,2023-02-15,327,24569.24,Ship,Brazil,89.73
SPL-271,Transformers,2023-08-05,2023-08-26,88,40865.93,Ship,China,86.65
SPL-286,Cables,2023-04-30,2023-05-10,34,37310.83,Rail,Germany,97.42
SPL-818,Oil,2023-12-03,2023-12-23,449,22632.83,Air,India,99.49
SPL-547,Turbines,2023-07-15,2023-08-13,234,31297.15,Rail,USA,93.86
SPL-368,Turbines,2023-08-07,2023-08-27,266,34020.78,Truck,Canada,92.93
SPL-144,Oil,2023-04-13,2023-04-17,60,10727.69,Truck,USA,98.33
SPL-487,Oil,2023-05-05,2023-06-02,158,18213.83,Ship,USA,83.58
SPL-741,Pipelines,2023-11-03,2023-11-25,287,17958.56,Ship,Germany,87.5
SPL-245,Gas,2023-04-08,2023-04-19,18,3007.96,Rail,China,89.49
SPL-464,Turbines,2023-11-05,2023-11-15,61,9930.88,Air,Germany,83.15
SPL-699,Oil,2023-02-21,2023-03-13,41,25444.52,Air,Canada,84.46
SPL-477,Pipelines,2023-02-03,2023-03-04,121,29204.12,Truck,Canada,80.33
SPL-449,Transformers,2023-02-02,2023-02-05,84,9790.35,Rail,India,86.65
SPL-842,Gas,2023-04-26,2023-05-01,386,47938.49,Truck,USA,80.59
SPL-405,Gas,2023-01-11,2023-01-20,68,17243.23,Truck,India,88.6
SPL-342,Transformers,2023-09-26,2023-10-23,98,5664.52,Air,India,98.16
SPL-440,Transformers,2023-06-25,2023-07-02,59,40965.81,Truck,China,87.52
SPL-491,Gas,2023-07-01,2023-07-08,238,14200.44,Ship,Brazil,86.01
SPL-668,Transformers,2023-01-19,2023-02-12,61,24316.18,Air,Canada,93.6
SPL-615,Cables,2023-03-02,2023-03-16,188,45870.38,Rail,Germany,92.03
SPL-184,Pipelines,2023-12-01,2023-12-07,352,21340.72,Rail,Germany,93.68
SPL-824,Transformers,2023-08-31,2023-09-09,136,16669.61,Rail,USA,84.15
SPL-385,Oil,2023-12-21,2023-12-22,111,44190.88,Ship,Brazil,89.82
SPL-523,Turbines,2023-11-29,2023-12-01,100,26119.22,Truck,China,96.02
SPL-974,Cables,2023-12-29,2024-01-28,112,22870.6,Truck,USA,94.23
SPL-799,Oil,2023-04-09,2023-04-21,359,18383.44,Ship,Germany,85.18
SPL-510,Transformers,2023-08-19,2023-08-22,146,11988.9,Ship,USA,88.86
SPL-156,Cables,2023-04-16,2023-04-23,54,35827.16,Truck,Germany,91.14
SPL-909,Gas,2023-09-24,2023-09-25,408,39072.62,Truck,USA,88.32
SPL-213,Cables,2023-09-27,2023-10-23,455,4902.15,Truck,Canada,91.36
SPL-714,Gas,2023-12-10,2024-01-05,114,18455.82,Rail,India,98.92
SPL-467,Cables,2023-04-22,2023-04-27,440,48021.89,Air,China,91.85
SPL-754,Gas,2023-11-24,2023-12-01,497,26330.4,Ship,China,82.57
SPL-819,Gas,2023-09-13,2023-09-16,83,39900.57,Ship,Brazil,97.5
SPL-237,Oil,2023-11-20,2023-12-03,82,3786.96,Truck,Canada,83.17
SPL-820,Oil,2023-08-27,2023-09-16,471,20165.25,Ship,China,97.69
SPL-888,Gas,2023-01-08,2023-02-07,126,3099.34,Ship,India,81.93
SPL-365,Turbines,2023-04-09,2023-05-07,263,28186.41,Rail,Canada,94.92
SPL-723,Cables,2023-08-16,2023-08-19,106,3232.73,Ship,India,82.28
SPL-729,Oil,2023-04-16,2023-05-09,64,44313.44,Ship,Brazil,86.7
SPL-676,Cables,2023-01-16,2023-01-17,249,33117.0,Truck,Canada,87.12
SPL-188,Oil,2023-07-10,2023-07-11,224,31211.21,Air,USA,80.15
SPL-120,Turbines,2023-12-14,2023-12-18,219,49984.87,Rail,USA,87.79
SPL-181,Cables,2023-11-26,2023-12-06,33,33002.18,Rail,China,96.33
SPL-161,Gas,2023-02-28,2023-03-27,185,38644.92,Rail,USA,82.64
SPL-391,Oil,2023-10-08,2023-10-12,493,44211.42,Air,China,87.71
SPL-481,Pipelines,2023-11-13,2023-12-07,363,6804.9,Rail,China,91.98
SPL-516,Transformers,2023-03-20,2023-04-06,484,38477.16,Truck,Germany,88.66
SPL-489,Cables,2023-12-25,2024-01-06,378,24088.94,Air,USA,83.23
SPL-717,Turbines,2023-06-17,2023-07-01,495,26327.11,Truck,India,88.16
SPL-792,Turbines,2023-09-27,2023-10-24,404,11195.89,Rail,Germany,93.42
SPL-819,Cables,2023-11-09,2023-12-06,418,29617.76,Ship,China,98.11
SPL-822,Pipelines,2023-04-17,2023-05-09,114,20610.88,Air,USA,92.2
SPL-331,Pipelines,2023-02-11,2023-03-09,83,7508.38,Rail,China,92.59
SPL-467,Turbines,2023-09-12,2023-09-25,172,37355.68,Ship,Germany,97.06
SPL-603,Oil,2023-05-22,2023-05-30,189,30232.07,Air,Brazil,81.65
SPL-692,Cables,2023-06-06,2023-06-20,32,49732.28,Truck,Canada,87.38
SPL-652,Oil,2023-04-12,2023-04-25,272,7832.18,Ship,China,80.58
SPL-461,Gas,2023-12-31,2024-01-24,262,25634.8,Air,USA,89.29
SPL-676,Pipelines,2023-10-15,2023-10-30,244,13299.08,Ship,Germany,81.73
SPL-115,Transformers,2023-01-11,2023-02-06,411,15287.12,Air,USA,93.37
SPL-528,Pipelines,2023-04-06,2023-04-22,22,49832.72,Rail,USA,90.19
SPL-543,Oil,2023-11-28,2023-12-19,259,25169.22,Truck,USA,80.65
SPL-444,Cables,2023-10-20,2023-11-08,212,31885.8,Air,USA,83.87
SPL-160,Turbines,2023-10-29,2023-11-12,283,43958.55,Ship,Germany,92.27
SPL-746,Oil,2023-04-06,2023-04-12,468,42364.39,Air,Germany,94.75
SPL-784,Turbines,2023-10-06,2023-11-04,177,17334.77,Ship,Canada,95.1
SPL-123,Pipelines,2023-01-27,2023-02-07,396,48256.4,Rail,Brazil,84.15
SPL-427,Gas,2023-03-30,2023-04-20,108,35252.19,Air,China,84.17
SPL-232,Transformers,2023-07-02,2023-07-30,354,10115.33,Ship,India,82.0
SPL-632,Cables,2023-08-03,2023-08-17,184,41684.91,Rail,Germany,95.1
SPL-599,Cables,2023-02-26,2023-03-06,136,29249.03,Rail,Germany,95.15
SPL-778,Turbines,2023-08-10,2023-08-22,153,24643.61,Truck,USA,82.79
SPL-643,Transformers,2023-09-11,2023-09-28,458,33214.42,Truck,Brazil,84.25
SPL-530,Transformers,2023-06-15,2023-06-16,108,46325.46,Ship,China,94.81
SPL-646,Turbines,2023-06-06,2023-06-09,267,5798.41,Air,Canada,88.59
SPL-391,Gas,2023-04-07,2023-04-09,184,29388.17,Ship,Brazil,94.41
SPL-788,Pipelines,2023-11-26,2023-12-09,228,14232.27,Air,USA,87.88
SPL-598,Transformers,2023-05-20,2023-05-26,270,5995.09,Truck,Germany,84.41
SPL-560,Turbines,2023-12-06,2023-12-25,484,44383.22,Truck,Canada,85.33
SPL-746,Oil,2023-01-15,2023-01-28,39,35613.31,Truck,China,89.71
SPL-603,Cables,2023-09-16,2023-10-08,93,40594.81,Air,Germany,83.96
SPL-857,Cables,2023-11-30,2023-12-11,246,5905.5,Air,Brazil,97.1
SPL-777,Pipelines,2023-03-28,2023-04-08,74,14970.04,Truck,China,87.11
SPL-823,Transformers,2023-12-10,2024-01-01,385,24738.68,Truck,India,97.14
SPL-540,Turbines,2023-10-18,2023-11-14,29,44349.08,Ship,Canada,97.61
SPL-707,Oil,2023-09-17,2023-10-13,279,3888.28,Ship,Germany,84.34
SPL-384,Turbines,2023-11-20,2023-12-12,61,5740.08,Truck,USA,82.24
SPL-199,Turbines,2023-04-02,2023-04-13,128,13562.08,Rail,USA,92.46
SPL-562,Cables,2023-10-05,2023-11-03,204,22014.59,Air,Canada,87.18
SPL-145,Gas,2023-04-11,2023-04-30,43,8677.11,Rail,China,94.51
SPL-364,Transformers,2023-02-10,2023-02-28,41,24097.78,Truck,China,87.55
SPL-161,Transformers,2023-08-02,2023-08-25,128,38688.7,Ship,Germany,93.06
SPL-624,Cables,2023-12-19,2023-12-29,441,36868.62,Air,Brazil,94.62
SPL-389,Pipelines,2023-02-09,2023-03-10,79,13157.47,Air,Canada,89.82
SPL-763,Gas,2023-12-16,2023-12-28,386,13547.44,Ship,China,89.39
SPL-541,Transformers,2023-08-06,2023-08-14,77,17172.33,Ship,Canada,95.58
SPL-339,Transformers,2023-03-21,2023-04-06,334,10439.01,Rail,Germany,99.39
SPL-159,Pipelines,2023-10-30,2023-11-15,218,41481.89,Rail,USA,94.77
SPL-151,Turbines,2023-04-09,2023-05-03,259,32368.87,Air,Canada,86.78
SPL-571,Cables,2023-10-14,2023-10-25,15,16476.85,Ship,USA,93.89
SPL-953,Oil,2023-04-14,2023-05-08,93,22001.04,Truck,India,99.31
SPL-318,Gas,2023-12-26,2024-01-06,282,1668.98,Truck,China,87.94
SPL-996,Gas,2023-08-05,2023-08-10,35,16140.7,Rail,Germany,82.03
SPL-311,Oil,2023-10-26,2023-11-06,269,14647.6,Truck,Canada,90.75
SPL-930,Transformers,2023-01-26,2023-01-28,103,11843.36,Rail,Canada,95.15
SPL-214,Gas,2023-04-29,2023-05-07,379,49775.08,Truck,China,90.51
SPL-163,Oil,2023-08-13,2023-08-15,453,13321.26,Truck,China,84.34
SPL-657,Oil,2023-04-19,2023-05-09,330,37389.57,Air,Brazil,98.99
SPL-911,Transformers,2023-01-10,2023-01-21,449,25657.1,Ship,India,92.36
SPL-576,Pipelines,2023-06-07,2023-06-20,200,7164.91,Truck,China,92.86
SPL-689,Transformers,2023-11-15,2023-11-26,178,35090.37,Ship,Brazil,98.29
SPL-929,Oil,2023-12-26,2024-01-12,137,32937.14,Truck,India,81.59
SPL-491,Cables,2023-09-29,2023-10-19,76,20930.09,Air,USA,95.11
SPL-647,Turbines,2023-04-15,2023-05-03,76,19948.45,Rail,China,88.09
SPL-508,Gas,2023-09-24,2023-09-27,339,26142.39,Rail,Brazil,87.48
SPL-515,Turbines,2023-10-20,2023-10-21,161,37315.48,Ship,Germany,97.93
SPL-979,Gas,2023-05-24,2023-05-30,396,38873.95,Ship,India,93.12
SPL-180,Transformers,2023-06-01,2023-06-07,180,24451.78,Truck,Germany,83.68
SPL-256,Pipelines,2023-11-20,2023-12-19,391,42993.4,Ship,Canada,94.93
SPL-791,Turbines,2023-02-05,2023-03-03,110,36215.86,Ship,China,80.7
SPL-536,Transformers,2023-10-03,2023-10-26,213,14737.11,Ship,Germany,85.66
SPL-270,Gas,2023-03-27,2023-03-30,307,33913.54,Rail,India,85.49
SPL-776,Cables,2023-03-23,2023-04-08,179,11309.06,Ship,Germany,91.95
SPL-122,Gas,2023-11-28,2023-12-27,396,6052.39,Rail,Canada,86.55
SPL-552,Cables,2023-04-17,2023-04-29,21,46211.39,Ship,Brazil,83.78
SPL-200,Cables,2023-11-12,2023-12-09,189,2434.87,Truck,India,86.81
SPL-106,Turbines,2023-09-01,2023-09-30,51,43484.88,Rail,India,88.91
SPL-366,Turbines,2023-06-05,2023-06-10,231,49086.04,Air,China,82.47
SPL-947,Oil,2023-01-28,2023-02-17,100,40873.46,Air,Canada,89.61
SPL-373,Cables,2023-08-20,2023-08-31,241,15470.16,Truck,USA,86.58
SPL-179,Gas,2023-03-20,2023-04-16,478,6847.21,Truck,India,91.89
SPL-778,Oil,2023-10-07,2023-10-24,101,45097.94,Rail,Germany,97.21
SPL-107,Turbines,2023-05-16,2023-05-30,267,28921.5,Ship,USA,93.61
SPL-424,Oil,2023-05-31,2023-06-05,25,25363.75,Rail,USA,88.53
SPL-671,Transformers,2023-09-16,2023-09-27,98,49686.26,Air,Brazil,87.13
SPL-140,Pipelines,2023-01-26,2023-01-30,150,37396.21,Rail,India,86.74
SPL-418,Pipelines,2023-01-21,2023-02-02,49,5012.7,Truck,Germany,95.79
SPL-553,Oil,2023-10-05,2023-10-27,139,23758.85,Ship,Germany,94.43
SPL-458,Turbines,2023-03-19,2023-04-03,375,46742.64,Rail,India,85.42
SPL-620,Turbines,2023-10-23,2023-11-01,487,34136.9,Air,Canada,87.85
SPL-949,Turbines,2023-07-31,2023-08-09,209,27216.18,Truck,Germany,84.28
SPL-624,Oil,2023-05-11,2023-06-03,314,11171.01,Rail,Canada,99.4
SPL-977,Pipelines,2023-08-26,2023-09-09,154,37315.18,Ship,India,80.71
SPL-746,Transformers,2023-09-29,2023-10-29,12,15777.81,Truck,Canada,97.0
SPL-331,Oil,2023-12-22,2024-01-06,427,1267.38,Rail,Brazil,96.48
SPL-708,Turbines,2023-08-29,2023-09-12,91,22239.7,Air,India,98.48
SPL-512,Oil,2023-07-21,2023-07-24,107,1012.76,Rail,Germany,86.64
SPL-524,Pipelines,2023-03-25,2023-04-15,338,26130.92,Ship,China,94.21
SPL-388,Cables,2023-03-15,2023-03-23,38,30875.42,Truck,Germany,80.45
SPL-396,Oil,2023-11-21,2023-12-06,147,31459.0,Rail,USA,89.78
SPL-494,Oil,2023-04-24,2023-05-04,83,33107.73,Rail,Brazil,93.47
SPL-957,Oil,2023-07-03,2023-07-22,194,14132.58,Rail,Canada,95.67
SPL-398,Turbines,2023-06-22,2023-07-20,30,39156.18,Ship,USA,80.67
SPL-232,Gas,2023-11-09,2023-12-06,50,2734.98,Rail,Brazil,98.62
SPL-394,Turbines,2023-08-17,2023-09-14,338,46055.58,Rail,China,95.02
SPL-917,Oil,2023-01-12,2023-01-24,237,3942.79,Truck,India,96.02
SPL-273,Pipelines,2023-03-06,2023-03-11,403,7087.45,Truck,Germany,95.13
SPL-321,Transformers,2023-03-16,2023-03-28,98,33592.77,Ship,Germany,94.07
SPL-634,Pipelines,2023-08-16,2023-08-24,405,4315.49,Ship,China,89.86
SPL-983,Transformers,2023-05-15,2023-05-31,349,38395.27,Truck,Brazil,93.13
SPL-104,Turbines,2023-09-20,2023-10-10,173,35826.08,Air,China,93.5
SPL-754,Turbines,2023-12-17,2024-01-11,172,19318.56,Air,Brazil,83.81
SPL-223,Turbines,2023-06-08,2023-06-22,208,38242.12,Truck,China,87.07
SPL-121,Turbines,2023-06-29,2023-07-05,13,6433.02,Ship,Brazil,89.96
SPL-927,Turbines,2023-07-14,2023-07-25,209,28987.05,Truck,USA,89.69
SPL-426,Cables,2023-01-06,2023-01-22,125,10684.77,Air,India,82.43
SPL-541,Pipelines,2023-10-30,2023-11-13,259,47664.5,Air,USA,90.51
SPL-566,Cables,2023-01-10,2023-01-21,444,20745.13,Air,USA,90.95
SPL-534,Oil,2023-01-04,2023-01-17,252,24502.52,Truck,India,94.97
SPL-643,Transformers,2023-10-21,2023-11-20,330,13094.2,Rail,Canada,94.58
SPL-837,Turbines,2023-10-10,2023-10-30,179,10223.21,Truck,Canada,84.86
SPL-543,Transformers,2023-06-08,2023-07-05,439,27826.74,Ship,India,98.31
SPL-591,Cables,2023-05-13,2023-05-17,491,17994.53,Truck,India,82.38
SPL-852,Cables,2023-06-09,2023-07-03,411,21642.62,Truck,Brazil,89.09
SPL-531,Gas,2023-07-24,2023-08-12,477,30923.84,Truck,USA,82.93
SPL-944,Turbines,2023-12-04,2023-12-12,402,23877.02,Rail,Brazil,85.46
SPL-388,Pipelines,2023-04-07,2023-04-16,471,25889.86,Ship,Canada,87.88
SPL-240,Oil,2023-10-21,2023-11-13,363,35204.08,Rail,India,81.18
SPL-604,Turbines,2023-06-23,2023-07-09,240,32022.12,Ship,Canada,84.64
SPL-608,Cables,2023-04-19,2023-05-05,163,17364.11,Ship,China,93.93
SPL-597,Gas,2023-05-15,2023-05-23,93,18192.98,Air,Canada,89.91
SPL-210,Oil,2023-02-08,2023-03-01,245,20125.01,Air,Germany,95.32
SPL-126,Gas,2023-06-07,2023-06-30,227,17007.17,Truck,China,85.26
SPL-864,Cables,2023-01-13,2023-02-09,243,19579.46,Ship,China,90.42
SPL-374,Turbines,2023-02-07,2023-02-15,344,14581.55,Truck,Canada,93.43
SPL-853,Pipelines,2023-09-25,2023-10-16,92,34957.97,Rail,India,93.86
SPL-541,Transformers,2023-01-22,2023-01-23,442,46057.26,Truck,USA,87.3
SPL-866,Turbines,2023-06-16,2023-07-01,482,10869.07,Air,India,91.48
SPL-525,Pipelines,2023-01-18,2023-01-24,244,11702.34,Truck,Germany,83.15
SPL-376,Turbines,2023-03-17,2023-03-23,253,25954.31,Rail,Canada,81.01
SPL-770,Cables,2023-03-31,2023-04-14,35,25956.62,Truck,Brazil,84.24
SPL-201,Pipelines,2023-06-03,2023-06-08,440,5925.69,Truck,India,91.0
SPL-615,Pipelines,2023-02-16,2023-02-26,264,35950.95,Air,Brazil,90.89
SPL-625,Cables,2023-04-20,2023-05-10,156,47201.32,Rail,India,88.13
SPL-106,Turbines,2023-09-01,2023-09-27,347,25905.55,Ship,Canada,86.21
SPL-612,Pipelines,2023-11-12,2023-12-08,432,37966.94,Air,Germany,94.45
SPL-525,Cables,2023-10-18,2023-11-08,481,32435.05,Truck,Canada,84.42
SPL-691,Turbines,2023-01-26,2023-02-13,13,27867.81,Air,Germany,99.85
SPL-484,Gas,2023-08-19,2023-08-20,184,6496.3,Air,China,86.92
SPL-432,Oil,2023-08-20,2023-08-31,130,34098.54,Ship,China,83.29
SPL-927,Cables,2023-11-24,2023-11-26,186,47376.93,Truck,USA,86.95
SPL-515,Transformers,2023-12-27,2024-01-10,366,40700.08,Air,Germany,92.67
SPL-431,Turbines,2023-04-22,2023-05-05,444,35397.51,Air,Canada,80.99
SPL-650,Transformers,2023-07-31,2023-08-18,454,49700.74,Rail,China,87.06
SPL-728,Pipelines,2023-08-20,2023-09-16,48,27370.83,Ship,USA,97.13
SPL-631,Pipelines,2023-07-07,2023-08-03,192,17832.76,Truck,Canada,82.19
SPL-361,Oil,2023-12-05,2023-12-29,454,19682.58,Air,Brazil,85.03
SPL-877,Cables,2023-04-30,2023-05-03,356,41518.07,Air,China,85.37
SPL-477,Gas,2023-04-10,2023-04-21,52,33029.84,Air,USA,99.32
SPL-523,Transformers,2023-05-23,2023-05-27,311,38257.83,Truck,China,99.2
SPL-774,Turbines,2023-06-05,2023-06-16,399,24169.04,Ship,Brazil,90.5
SPL-175,Gas,2023-11-23,2023-11-24,448,6595.89,Truck,Brazil,80.73
SPL-443,Turbines,2023-04-14,2023-05-11,498,43441.0,Rail,Germany,92.29
SPL-299,Cables,2023-04-29,2023-05-13,53,45468.79,Truck,Canada,99.99
SPL-803,Transformers,2023-10-28,2023-11-20,457,7017.29,Truck,USA,93.78
SPL-360,Cables,2023-06-09,2023-06-16,76,27091.22,Ship,China,85.61
SPL-148,Transformers,2023-10-01,2023-10-16,190,35404.4,Rail,Germany,93.17
SPL-739,Turbines,2023-05-24,2023-06-12,415,43998.78,Rail,India,89.68
SPL-237,Turbines,2023-12-14,2023-12-21,141,18383.07,Air,India,83.81
SPL-133,Turbines,2023-12-07,2023-12-16,479,15489.47,Ship,Germany,80.83
SPL-448,Transformers,2023-07-08,2023-08-07,119,40460.69,Truck,Brazil,87.1
SPL-257,Turbines,2023-07-16,2023-07-23,444,22269.61,Ship,Germany,92.37
SPL-791,Gas,2023-09-17,2023-10-09,378,14409.99,Ship,China,99.45
SPL-762,Oil,2023-04-02,2023-04-14,428,28610.7,Truck,China,90.68
SPL-298,Pipelines,2023-03-21,2023-03-30,117,22909.35,Air,Brazil,89.26
SPL-493,Cables,2023-12-14,2024-01-08,289,39003.68,Rail,Brazil,80.88
SPL-230,Oil,2023-03-16,2023-04-10,396,32603.82,Ship,Germany,94.79
SPL-898,Gas,2023-02-25,2023-03-01,75,41309.71,Rail,USA,99.51
SPL-869,Turbines,2023-01-03,2023-01-18,14,30355.92,Ship,India,99.09
SPL-478,Oil,2023-06-25,2023-07-13,183,25236.6,Air,Brazil,90.75
SPL-883,Oil,2023-05-06,2023-05-15,212,7921.21,Ship,China,80.52
SPL-687,Turbines,2023-04-19,2023-05-17,93,37376.86,Truck,Canada,93.65
SPL-283,Transformers,2023-01-27,2023-02-12,179,11167.35,Rail,Canada,99.77
SPL-706,Turbines,2023-07-04,2023-07-31,300,31501.68,Truck,India,87.04
SPL-363,Turbines,2023-12-01,2023-12-17,39,20547.03,Air,USA,86.43
SPL-117,Cables,2023-06-26,2023-07-07,56,18214.7,Ship,Germany,96.17
SPL-756,Turbines,2023-03-05,2023-03-20,419,45061.34,Rail,USA,85.21
SPL-820,Turbines,2023-02-21,2023-03-08,397,3779.37,Air,Brazil,96.13
SPL-121,Turbines,2023-07-22,2023-07-31,318,10933.81,Ship,Canada,90.6
SPL-107,Cables,2023-02-11,2023-03-03,116,32258.24,Ship,Canada,83.32
SPL-688,Oil,2023-10-12,2023-10-16,188,8982.45,Air,Canada,86.36
SPL-792,Transformers,2023-03-27,2023-04-24,479,18204.9,Ship,Brazil,93.67
SPL-107,Gas,2023-12-19,2023-12-22,349,42133.14,Rail,Germany,99.67
SPL-520,Oil,2023-04-19,2023-05-18,229,22924.74,Rail,India,99.43
SPL-342,Oil,2023-04-24,2023-05-15,57,33974.61,Truck,Germany,86.19
SPL-887,Pipelines,2023-06-19,2023-07-17,482,5836.23,Truck,Canada,93.73
SPL-307,Oil,2023-10-15,2023-11-12,411,41013.84,Ship,Germany,90.83
SPL-125,Transformers,2023-01-16,2023-02-15,464,25859.1,Ship,USA,95.14
SPL-482,Gas,2023-05-15,2023-06-12,165,31210.23,Air,Germany,90.26
SPL-402,Pipelines,2023-01-18,2023-02-09,298,30142.92,Truck,Canada,92.0
SPL-838,Oil,2023-08-13,2023-08-23,19,26566.51,Truck,Brazil,85.03
SPL-216,Oil,2023-02-09,2023-02-19,395,35140.8,Ship,India,91.01
SPL-541,Cables,2023-02-08,2023-02-15,314,26074.94,Ship,USA,85.71
SPL-219,Cables,2023-01-04,2023-01-21,141,40378.49,Truck,Brazil,92.24
SPL-883,Turbines,2023-03-31,2023-04-13,145,38859.92,Air,USA,88.64
SPL-437,Transformers,2023-06-18,2023-07-06,332,3513.6,Truck,USA,97.81
SPL-128,Pipelines,2023-05-31,2023-06-03,437,43084.34,Ship,India,87.51
SPL-111,Transformers,2023-09-06,2023-09-19,385,15721.97,Rail,Germany,84.87
SPL-434,Oil,2023-07-11,2023-07-13,352,27523.53,Rail,Brazil,90.17
SPL-758,Cables,2023-10-21,2023-11-04,498,13272.31,Air,China,88.25
SPL-540,Turbines,2023-11-21,2023-12-15,484,37207.16,Truck,Brazil,87.59
SPL-254,Pipelines,2023-08-06,2023-08-23,68,18377.8,Truck,Canada,80.92
SPL-917,Gas,2023-12-13,2023-12-30,178,17778.65,Ship,Germany,96.06
SPL-369,Oil,2023-08-13,2023-09-10,137,11033.68,Air,China,96.94
SPL-344,Gas,2023-08-30,2023-09-07,335,6524.52,Air,Brazil,88.51
SPL-277,Oil,2023-11-07,2023-11-08,433,42180.12,Truck,China,99.29
SPL-125,Oil,2023-02-04,2023-02-11,440,19924.33,Air,Germany,87.51
SPL-368,Cables,2023-05-12,2023-05-25,339,45396.86,Air,Germany,91.29
SPL-749,Oil,2023-03-09,2023-03-27,391,47338.27,Ship,Canada,97.77
SPL-332,Turbines,2023-02-11,2023-03-12,24,11963.47,Truck,Canada,86.99
SPL-693,Pipelines,2023-08-01,2023-08-14,258,5804.28,Ship,Germany,87.79
SPL-449,Gas,2023-09-16,2023-10-11,307,44692.27,Ship,USA,89.88
SPL-727,Gas,2023-08-23,2023-09-21,252,4955.65,Rail,China,98.62
SPL-756,Gas,2023-11-22,2023-11-26,132,44885.14,Rail,Brazil,95.18
SPL-854,Cables,2023-08-20,2023-09-05,397,1308.61,Ship,Canada,97.67
SPL-330,Transformers,2023-10-17,2023-11-05,94,33555.39,Truck,India,91.03
SPL-413,Pipelines,2023-03-22,2023-04-11,284,5691.57,Rail,India,95.88
SPL-930,Oil,2023-04-17,2023-05-15,101,17679.65,Rail,Canada,82.45
SPL-275,Oil,2023-05-13,2023-05-14,344,42488.14,Truck,Brazil,82.93
SPL-353,Gas,2023-03-29,2023-04-23,186,9674.19,Truck,Brazil,80.81
SPL-243,Oil,2023-09-05,2023-09-16,236,4633.47,Truck,China,96.34
SPL-128,Turbines,2023-02-20,2023-03-03,75,15039.87,Air,Canada,99.89
SPL-826,Turbines,2023-08-30,2023-09-27,382,2107.52,Truck,Brazil,84.97
SPL-707,Gas,2023-08-20,2023-09-08,338,43688.91,Rail,Canada,96.05
SPL-630,Pipelines,2023-08-10,2023-08-25,313,47895.45,Ship,Germany,83.84
SPL-586,Gas,2023-11-05,2023-11-16,138,13886.16,Rail,Canada,97.77
SPL-221,Transformers,2023-12-18,2023-12-22,63,8901.98,Rail,Brazil,98.17
SPL-921,Turbines,2023-03-15,2023-04-08,398,40212.32,Ship,Brazil,94.48
SPL-301,Gas,2023-03-13,2023-04-08,201,12640.56,Truck,India,99.67
SPL-584,Cables,2023-09-04,2023-09-07,174,40740.21,Air,Germany,90.07
SPL-600,Transformers,2023-10-01,2023-10-18,224,39381.41,Air,Canada,98.5
SPL-100,Gas,2023-04-21,2023-05-05,127,19673.58,Truck,Canada,80.82
SPL-805,Oil,2023-12-26,2024-01-19,141,47213.6,Rail,Brazil,85.12
SPL-806,Cables,2023-07-10,2023-08-09,265,33066.2,Air,Canada,83.55
SPL-809,Oil,2023-07-25,2023-08-10,391,1479.94,Ship,Brazil,81.71
SPL-117,Turbines,2023-09-03,2023-09-20,496,35602.12,Truck,USA,86.16
SPL-335,Pipelines,2023-10-19,2023-10-27,188,26208.03,Truck,Germany,97.96
SPL-820,Transformers,2023-04-30,2023-05-28,487,16364.55,Ship,Canada,82.72
SPL-295,Turbines,2023-10-28,2023-11-11,203,42266.12,Rail,USA,82.56
SPL-817,Pipelines,2023-03-21,2023-03-28,272,13225.32,Rail,Brazil,88.59
SPL-300,Gas,2023-10-23,2023-10-30,33,11944.15,Ship,Brazil,80.22
SPL-504,Gas,2023-06-27,2023-07-12,490,36923.85,Rail,Canada,82.97
SPL-948,Pipelines,2023-08-29,2023-09-28,177,10323.98,Truck,India,94.97
SPL-164,Gas,2023-12-15,2023-12-26,213,46028.92,Air,Germany,85.17
SPL-871,Turbines,2023-10-19,2023-11-07,268,34563.91,Air,China,86.71
SPL-518,Pipelines,2023-11-12,2023-11-18,455,46263.01,Truck,USA,91.01
SPL-355,Pipelines,2023-09-15,2023-09-26,377,7134.72,Ship,Canada,86.05
SPL-816,Transformers,2023-02-19,2023-03-19,212,2532.28,Truck,China,83.96
SPL-709,Pipelines,2023-12-11,2024-01-10,325,12708.5,Rail,Brazil,99.15
SPL-378,Pipelines,2023-07-01,2023-07-30,365,24528.97,Rail,Germany,81.81
SPL-733,Cables,2023-10-04,2023-10-09,43,20278.32,Air,India,82.85
SPL-940,Cables,2023-11-26,2023-12-23,174,26539.71,Ship,Canada,96.35
SPL-757,Oil,2023-06-29,2023-07-20,415,23743.99,Air,USA,98.01
SPL-668,Transformers,2023-10-21,2023-11-18,472,32297.49,Truck,India,87.9
SPL-996,Transformers,2023-03-05,2023-03-12,447,34999.83,Air,China,95.37
SPL-964,Gas,2023-07-18,2023-08-10,86,13409.51,Ship,China,83.4
SPL-393,Turbines,2023-06-22,2023-07-07,41,1419.61,Truck,USA,97.05
SPL-634,Cables,2023-02-07,2023-02-27,318,24946.29,Truck,Germany,81.8
SPL-689,Pipelines,2023-08-27,2023-09-06,343,13131.75,Air,Canada,98.42
SPL-267,Oil,2023-12-06,2023-12-15,28,22819.61,Rail,Germany,88.8
SPL-588,Transformers,2023-01-14,2023-01-21,102,30344.84,Air,China,85.68
SPL-807,Oil,2023-08-20,2023-09-01,108,37023.97,Rail,USA,89.42
SPL-500,Oil,2023-01-01,2023-01-04,393,26605.81,Truck,Canada,94.66
SPL-312,Turbines,2023-02-23,2023-03-04,233,49678.36,Ship,Germany,84.31
SPL-797,Pipelines,2023-12-24,2023-12-26,291,36477.57,Rail,Brazil,80.12
SPL-897,Transformers,2023-09-24,2023-10-10,135,21207.38,Air,China,87.36
SPL-474,Gas,2023-07-06,2023-07-30,37,39818.1,Air,India,97.06
SPL-229,Cables,2023-06-27,2023-07-05,437,25377.61,Ship,China,92.93
SPL-498,Gas,2023-10-04,2023-10-22,325,20471.78,Truck,China,93.96
SPL-694,Oil,2023-11-28,2023-11-30,108,16764.63,Air,China,99.35
SPL-570,Cables,2023-03-11,2023-04-05,49,6080.09,Air,Germany,84.75
SPL-960,Transformers,2023-03-15,2023-03-23,271,39803.93,Rail,China,94.79
SPL-519,Transformers,2023-08-15,2023-09-07,400,14334.97,Ship,India,95.26
SPL-231,Turbines,2023-06-28,2023-07-22,458,40164.58,Truck,Canada,95.33
SPL-303,Gas,2023-06-12,2023-06-26,218,11678.46,Air,Brazil,96.05
SPL-616,Transformers,2023-12-18,2024-01-13,474,31011.46,Air,Canada,83.96
SPL-718,Gas,2023-11-15,2023-12-10,125,13694.97,Rail,Canada,89.66
SPL-264,Turbines,2023-09-19,2023-09-21,497,30908.21,Rail,Germany,93.93
SPL-102,Oil,2023-05-04,2023-05-14,73,38613.44,Ship,India,99.11
SPL-710,Transformers,2023-02-12,2023-03-11,421,6904.06,Ship,Brazil,99.01
SPL-872,Cables,2023-05-25,2023-05-28,432,41017.27,Truck,Canada,82.32
SPL-284,Gas,2023-04-29,2023-05-19,104,9215.77,Truck,Canada,95.16
SPL-104,Oil,2023-07-20,2023-07-24,20,4548.02,Rail,Germany,81.62
SPL-891,Pipelines,2023-06-06,2023-07-02,282,45326.87,Truck,Brazil,83.07
SPL-635,Pipelines,2023-09-28,2023-10-18,156,36060.78,Ship,India,91.79
SPL-394,Oil,2023-02-18,2023-03-06,461,43304.76,Truck,Canada,97.42
SPL-717,Turbines,2023-09-19,2023-10-11,482,14407.75,Rail,Canada,85.45
SPL-221,Pipelines,2023-03-01,2023-03-14,387,34322.94,Rail,Brazil,85.45
SPL-719,Turbines,2023-08-14,2023-08-30,125,16290.52,Rail,Brazil,85.78
SPL-705,Turbines,2023-11-26,2023-12-06,439,42867.75,Air,India,86.17
SPL-407,Oil,2023-08-21,2023-09-13,130,45859.9,Rail,Canada,90.78
SPL-898,Gas,2023-02-01,2023-02-21,80,49177.33,Ship,USA,97.38
SPL-302,Gas,2023-05-21,2023-05-29,321,13936.97,Air,Germany,85.24
SPL-370,Cables,2023-01-20,2023-02-09,338,46452.37,Truck,India,84.59
SPL-813,Oil,2023-04-05,2023-04-25,171,32840.68,Rail,USA,86.3
SPL-305,Cables,2023-07-09,2023-07-29,37,45965.53,Ship,Canada,85.64
SPL-263,Turbines,2023-06-20,2023-07-20,66,14321.17,Ship,USA,83.81
SPL-794,Turbines,2023-06-08,2023-07-06,188,49456.06,Rail,Germany,81.95
SPL-584,Cables,2023-12-31,2024-01-20,20,29912.57,Air,USA,86.9
SPL-146,Oil,2023-09-01,2023-09-28,404,49523.6,Truck,Germany,88.69
SPL-598,Transformers,2023-07-03,2023-07-15,363,20855.28,Rail,India,95.91
SPL-194,Oil,2023-12-10,2023-12-13,62,39840.02,Rail,Canada,82.64
SPL-243,Pipelines,2023-11-04,2023-11-20,396,30654.38,Truck,Germany,97.94
SPL-407,Pipelines,2023-08-01,2023-08-03,70,1845.13,Air,Brazil,89.71
SPL-157,Transformers,2023-03-26,2023-03-29,333,39535.07,Truck,Canada,99.59
SPL-570,Turbines,2023-03-19,2023-03-29,10,23873.88,Air,Canada,90.63
SPL-311,Oil,2023-12-19,2024-01-03,433,28928.58,Ship,USA,86.22
SPL-225,Pipelines,2023-12-02,2023-12-21,324,21043.2,Ship,China,93.58
SPL-586,Cables,2023-02-22,2023-03-13,96,2871.88,Rail,Canada,82.64
SPL-842,Pipelines,2023-04-26,2023-05-01,338,5318.29,Truck,Brazil,90.83
SPL-388,Pipelines,2023-08-26,2023-09-15,74,33340.12,Truck,Germany,86.45
SPL-480,Turbines,2023-03-04,2023-03-20,52,16299.75,Air,China,91.41
SPL-343,Gas,2023-10-07,2023-10-16,159,12848.22,Rail,Brazil,80.5
SPL-168,Oil,2023-11-08,2023-11-18,209,26013.77,Air,USA,88.69
SPL-335,Pipelines,2023-02-18,2023-03-11,177,27964.46,Truck,Germany,89.67
SPL-711,Gas,2023-03-16,2023-04-01,246,33180.89,Truck,Brazil,88.27
SPL-811,Pipelines,2023-06-04,2023-06-19,275,29913.53,Air,USA,93.94
SPL-966,Cables,2023-12-30,2024-01-17,152,22982.61,Ship,Canada,99.12
SPL-463,Pipelines,2023-11-21,2023-12-06,84,5948.01,Air,Germany,85.35
SPL-530,Oil,2023-03-16,2023-04-14,445,20996.03,Ship,Brazil,88.7
SPL-374,Turbines,2023-02-26,2023-03-25,412,10170.15,Truck,Brazil,85.31
SPL-486,Pipelines,2023-10-29,2023-11-21,72,28729.76,Rail,India,95.89
SPL-368,Oil,2023-04-17,2023-05-10,402,15096.28,Truck,India,92.86
SPL-268,Turbines,2023-04-24,2023-05-04,170,6991.4,Air,Canada,94.26
SPL-962,Cables,2023-10-07,2023-10-10,307,44293.85,Rail,Canada,83.78
SPL-799,Gas,2023-11-07,2023-11-25,483,22829.19,Rail,India,83.25
SPL-950,Cables,2023-12-15,2024-01-02,195,30430.7,Air,Brazil,92.25
SPL-573,Turbines,2023-09-17,2023-10-11,262,44389.72,Air,USA,93.1
SPL-245,Cables,2023-06-23,2023-07-17,477,22459.07,Rail,Canada,85.01
SPL-685,Pipelines,2023-04-10,2023-05-05,435,12603.94,Air,Canada,85.2
SPL-341,Oil,2023-07-10,2023-07-26,475,22468.07,Ship,Canada,84.88
SPL-167,Gas,2023-08-05,2023-09-03,76,10987.82,Air,USA,95.36
SPL-321,Turbines,2023-05-25,2023-06-12,416,34767.76,Rail,USA,91.12
SPL-332,Turbines,2023-11-14,2023-11-16,108,37320.15,Ship,Brazil,84.91
SPL-437,Turbines,2023-05-02,2023-05-04,69,16839.46,Ship,China,90.02
SPL-613,Turbines,2023-03-12,2023-03-20,371,12633.33,Rail,Canada,96.85
SPL-542,Turbines,2023-08-09,2023-08-22,301,39264.55,Truck,Germany,93.13
SPL-150,Oil,2023-10-14,2023-10-19,229,24562.26,Air,Brazil,87.19
SPL-141,Pipelines,2023-07-15,2023-08-12,395,37022.44,Rail,Brazil,85.66
SPL-222,Gas,2023-11-09,2023-11-22,197,37634.17,Truck,India,92.23
SPL-872,Cables,2023-04-19,2023-04-25,408,27565.38,Air,USA,81.15
SPL-349,Transformers,2023-01-10,2023-01-16,442,14181.64,Truck,Germany,90.86
SPL-493,Gas,2023-04-01,2023-04-17,266,41855.56,Ship,USA,90.2
SPL-158,Oil,2023-04-11,2023-04-26,439,46496.89,Ship,India,83.96
SPL-185,Cables,2023-09-10,2023-09-26,149,43840.21,Ship,Germany,96.12
SPL-159,Oil,2023-06-27,2023-07-26,462,25333.42,Truck,India,84.83
SPL-743,Gas,2023-11-06,2023-12-05,285,9727.2,Rail,Brazil,83.67
SPL-534,Oil,2023-04-26,2023-05-01,33,21152.14,Rail,Canada,86.61
SPL-631,Turbines,2023-12-11,2023-12-20,130,14695.96,Rail,USA,99.47
SPL-859,Oil,2023-08-31,2023-09-16,50,36685.08,Air,India,87.53
SPL-367,Turbines,2023-09-22,2023-10-21,247,34055.71,Ship,USA,88.11
SPL-831,Transformers,2023-07-19,2023-07-21,279,20163.6,Ship,China,91.1
SPL-673,Cables,2023-01-24,2023-01-27,433,11722.22,Ship,Canada,86.37
SPL-272,Turbines,2023-06-26,2023-07-15,384,29536.96,Ship,USA,90.95
SPL-680,Cables,2023-07-19,2023-08-18,31,18877.45,Rail,Brazil,98.51
SPL-241,Transformers,2023-12-12,2024-01-07,444,13664.32,Ship,China,84.22
SPL-894,Turbines,2023-11-18,2023-11-29,98,4323.79,Rail,Brazil,97.2
SPL-137,Turbines,2023-01-23,2023-01-29,74,44050.4,Rail,Canada,85.47
SPL-942,Turbines,2023-01-26,2023-02-04,154,38947.67,Truck,China,92.73
SPL-121,Transformers,2023-12-20,2024-01-14,255,39042.04,Rail,China,94.59
SPL-259,Cables,2023-07-04,2023-07-27,77,26565.21,Rail,China,95.22
SPL-572,Turbines,2023-01-07,2023-01-13,490,16607.34,Rail,China,83.62
SPL-355,Gas,2023-11-29,2023-12-15,167,38629.82,Air,Canada,92.86
SPL-761,Turbines,2023-04-09,2023-04-19,314,47295.71,Ship,Canada,98.11
SPL-290,Transformers,2023-04-15,2023-05-05,440,17910.59,Ship,Brazil,96.97
SPL-955,Cables,2023-07-08,2023-07-25,155,2606.14,Ship,China,82.4
SPL-389,Oil,2023-08-15,2023-08-26,485,10435.81,Rail,Brazil,96.51
SPL-325,Oil,2023-01-20,2023-01-27,39,26588.79,Air,Germany,89.0
SPL-840,Cables,2023-11-07,2023-11-08,393,44140.26,Air,Brazil,83.22
SPL-907,Oil,2023-07-12,2023-07-13,441,41312.05,Truck,Germany,81.4
SPL-129,Pipelines,2023-08-20,2023-08-21,302,17545.18,Rail,China,89.68
SPL-455,Gas,2023-05-02,2023-05-17,100,32204.97,Ship,USA,90.94
SPL-504,Transformers,2023-10-01,2023-10-11,499,27650.5,Truck,China,89.5
SPL-459,Gas,2023-01-07,2023-01-18,438,21705.89,Truck,Brazil,86.65
SPL-342,Transformers,2023-05-10,2023-05-15,35,8802.64,Truck,Brazil,97.39
SPL-501,Cables,2023-11-01,2023-11-19,309,40977.03,Truck,Brazil,99.75
SPL-548,Gas,2023-07-03,2023-07-21,23,21923.54,Air,Canada,80.28
SPL-720,Transformers,2023-02-06,2023-02-08,366,14821.84,Ship,Canada,86.82
SPL-833,Oil,2023-08-16,2023-09-12,235,15570.98,Rail,Brazil,87.27
SPL-405,Gas,2023-09-07,2023-09-27,84,12094.84,Truck,Canada,91.01
SPL-613,Pipelines,2023-09-01,2023-09-28,240,46080.12,Ship,Brazil,98.72
SPL-631,Cables,2023-08-07,2023-08-19,318,4337.02,Air,Brazil,96.63
SPL-197,Cables,2023-06-19,2023-07-14,245,22581.28,Ship,China,86.49
SPL-233,Gas,2023-02-26,2023-03-21,10,22971.12,Truck,Brazil,87.6
SPL-538,Transformers,2023-10-08,2023-10-26,295,15268.81,Air,Canada,99.8
SPL-152,Cables,2023-10-27,2023-11-07,89,32993.24,Rail,India,81.57
SPL-692,Oil,2023-02-24,2023-03-08,416,40760.94,Truck,Canada,80.16
SPL-656,Gas,2023-03-03,2023-03-15,227,26453.09,Truck,Germany,80.98
SPL-948,Oil,2023-07-23,2023-08-11,464,47225.17,Ship,India,82.48
SPL-135,Pipelines,2023-03-04,2023-03-29,355,11502.56,Ship,Canada,91.82
SPL-953,Pipelines,2023-10-03,2023-10-30,58,4329.06,Truck,China,83.12
SPL-714,Oil,2023-03-06,2023-04-04,60,11992.89,Truck,Canada,94.63
SPL-213,Cables,2023-08-07,2023-08-19,362,14665.19,Air,Germany,92.25
SPL-414,Gas,2023-12-26,2024-01-05,408,44124.15,Ship,Brazil,84.69
SPL-435,Cables,2023-04-09,2023-04-11,142,48030.48,Ship,Germany,91.93
SPL-924,Pipelines,2023-02-24,2023-03-08,425,16251.45,Rail,Brazil,81.7
SPL-923,Gas,2024-01-01,2024-01-08,426,29932.58,Rail,USA,88.63
SPL-597,Oil,2023-06-05,2023-06-28,114,35745.81,Truck,Germany,85.97
SPL-863,Turbines,2023-07-04,2023-07-22,421,24310.69,Air,Brazil,87.94
SPL-687,Gas,2023-01-07,2023-01-13,133,22982.03,Ship,Brazil,85.06
SPL-333,Pipelines,2023-06-15,2023-07-14,182,17661.63,Air,China,88.9
SPL-262,Cables,2023-08-16,2023-08-31,421,2412.53,Ship,USA,84.88
SPL-879,Pipelines,2023-09-12,2023-09-13,434,35909.76,Rail,Brazil,86.53
SPL-927,Gas,2023-11-09,2023-11-24,282,13943.36,Truck,Canada,90.25
SPL-663,Gas,2023-05-03,2023-05-16,260,5383.87,Ship,India,80.51
SPL-756,Transformers,2023-05-12,2023-05-26,286,22275.41,Rail,Canada,90.28
SPL-513,Pipelines,2023-02-10,2023-02-17,22,43743.13,Truck,China,96.69
SPL-345,Turbines,2023-11-19,2023-12-14,184,4100.17,Truck,USA,93.85
SPL-311,Gas,2023-09-14,2023-10-03,135,46902.93,Rail,USA,82.41
SPL-857,Cables,2023-01-27,2023-02-10,497,21600.82,Air,India,83.21
SPL-764,Gas,2023-09-08,2023-10-02,245,13793.19,Ship,China,84.27
SPL-985,Oil,2023-08-11,2023-09-01,79,29872.68,Truck,Germany,95.78
SPL-883,Cables,2023-11-27,2023-12-24,450,11876.03,Truck,Brazil,89.8
SPL-935,Gas,2023-10-21,2023-11-13,136,14604.31,Air,Germany,81.56
SPL-735,Turbines,2023-06-20,2023-07-09,287,29266.11,Truck,India,84.99
SPL-265,Oil,2023-12-22,2024-01-08,151,28503.99,Air,India,96.37
SPL-377,Turbines,2023-08-18,2023-09-15,441,48312.08,Air,USA,83.41
SPL-128,Oil,2023-08-31,2023-09-04,247,29936.18,Ship,India,83.84
SPL-392,Oil,2023-09-29,2023-10-01,173,24894.74,Rail,Brazil,81.38
SPL-531,Turbines,2023-01-15,2023-01-16,194,1600.26,Air,Canada,81.82
SPL-461,Oil,2023-04-26,2023-05-18,387,24772.73,Truck,USA,85.11
SPL-939,Gas,2023-08-27,2023-09-22,421,4131.14,Truck,India,94.39
SPL-583,Turbines,2023-07-28,2023-07-29,451,40633.8,Rail,Canada,90.88
SPL-229,Transformers,2023-09-11,2023-09-29,394,17267.47,Truck,India,92.67
SPL-710,Gas,2023-10-15,2023-11-12,373,22055.67,Ship,Brazil,99.23
SPL-334,Pipelines,2023-10-02,2023-11-01,276,48673.9,Ship,Canada,80.02
SPL-837,Gas,2023-11-15,2023-11-29,223,36133.21,Ship,Germany,98.1
SPL-621,Pipelines,2023-12-07,2023-12-26,117,2487.51,Rail,Brazil,92.74
SPL-718,Pipelines,2023-03-29,2023-04-24,424,13819.34,Air,Canada,82.09
SPL-118,Gas,2023-06-17,2023-06-27,165,48694.79,Rail,Brazil,94.88
SPL-654,Oil,2023-01-30,2023-02-07,470,27626.8,Rail,China,89.35
SPL-464,Oil,2023-07-14,2023-07-16,44,13449.3,Air,Germany,97.19
SPL-601,Oil,2023-07-08,2023-07-23,497,29087.71,Ship,Germany,86.24
SPL-216,Gas,2023-07-17,2023-08-04,166,44716.32,Ship,Germany,84.48
SPL-124,Transformers,2023-03-11,2023-03-30,95,3814.51,Air,India,82.51
SPL-376,Gas,2023-08-27,2023-09-13,417,21279.36,Ship,India,83.3
SPL-984,Gas,2023-10-26,2023-10-28,232,30157.58,Ship,Canada,85.75
SPL-624,Transformers,2023-07-07,2023-07-18,279,35654.84,Ship,India,90.4
SPL-678,Pipelines,2023-09-09,2023-09-10,411,8602.18,Truck,Canada,86.33
SPL-161,Gas,2023-03-22,2023-04-13,381,42231.97,Truck,India,85.34
SPL-725,Pipelines,2023-11-13,2023-11-30,106,18157.41,Rail,USA,91.02
SPL-283,Turbines,2023-02-09,2023-02-14,161,41972.91,Truck,India,82.01
SPL-288,Pipelines,2023-09-11,2023-10-02,174,21085.16,Ship,China,89.91
SPL-459,Pipelines,2023-12-17,2023-12-18,217,15969.92,Ship,USA,89.3
SPL-481,Pipelines,2023-07-04,2023-07-26,39,40925.21,Ship,USA,99.7
SPL-405,Pipelines,2023-12-02,2023-12-28,326,20665.76,Rail,Brazil,80.78
SPL-595,Transformers,2023-03-10,2023-03-12,60,5613.82,Truck,Germany,94.89
SPL-150,Pipelines,2023-03-08,2023-03-23,495,44436.4,Air,Germany,80.98
SPL-183,Transformers,2023-04-07,2023-04-14,25,40310.21,Truck,Germany,95.3
SPL-154,Oil,2023-06-19,2023-06-28,483,48893.61,Air,India,87.76
SPL-363,Transformers,2023-03-12,2023-03-21,159,42572.97,Truck,Brazil,92.42
SPL-242,Cables,2023-07-21,2023-07-28,480,8435.33,Rail,China,94.5
SPL-490,Gas,2023-08-05,2023-08-27,106,1916.71,Air,Brazil,83.11
SPL-577,Turbines,2023-02-17,2023-02-20,155,20263.21,Ship,Brazil,97.85
SPL-943,Oil,2023-10-21,2023-11-04,457,11674.04,Ship,Germany,98.24
SPL-936,Turbines,2023-07-01,2023-07-11,53,9712.0,Truck,USA,89.69
SPL-426,Transformers,2023-11-15,2023-11-17,395,25396.24,Air,Germany,84.48
SPL-220,Turbines,2023-05-15,2023-05-20,201,2434.18,Rail,USA,88.67
SPL-759,Oil,2023-07-12,2023-07-20,339,30925.32,Air,Canada,88.21
SPL-227,Cables,2023-08-29,2023-09-07,374,45318.73,Ship,Germany,92.15
SPL-652,Turbines,2023-10-05,2023-10-18,292,22791.01,Rail,Brazil,94.58
SPL-835,Gas,2023-06-27,2023-07-04,355,13404.25,Ship,Brazil,93.71
SPL-988,Cables,2023-11-02,2023-11-13,204,14004.91,Ship,China,81.75
SPL-566,Turbines,2023-02-17,2023-03-03,308,16608.83,Air,China,99.51
SPL-205,Pipelines,2023-12-03,2023-12-17,411,17138.97,Truck,USA,84.33
SPL-546,Oil,2023-09-08,2023-10-05,31,31618.96,Air,India,81.19
SPL-853,Cables,2023-06-14,2023-06-24,18,16095.99,Ship,China,80.57
SPL-283,Transformers,2023-07-12,2023-07-14,388,33935.51,Rail,USA,91.25
SPL-249,Transformers,2023-05-25,2023-06-24,82,31805.79,Ship,Canada,99.27
SPL-695,Transformers,2023-05-26,2023-06-14,361,47236.1,Ship,USA,85.89
SPL-815,Turbines,2023-04-24,2023-05-14,288,10972.8,Rail,China,81.78
SPL-324,Gas,2023-10-02,2023-10-07,396,36726.6,Air,India,98.41
SPL-713,Transformers,2023-05-29,2023-06-25,342,49470.94,Ship,Canada,81.97
SPL-777,Oil,2023-01-24,2023-01-26,63,22647.63,Ship,Germany,94.01
SPL-840,Transformers,2023-03-17,2023-04-14,143,10737.88,Air,China,95.75
SPL-272,Gas,2023-04-24,2023-05-23,228,31279.95,Rail,USA,84.12
SPL-768,Oil,2023-06-12,2023-07-07,130,28780.8,Ship,China,98.11
SPL-501,Turbines,2023-10-12,2023-11-11,208,17943.39,Rail,USA,81.14
SPL-505,Cables,2023-11-17,2023-11-19,426,9818.92,Rail,USA,94.78
SPL-915,Gas,2023-04-24,2023-05-15,358,29287.45,Rail,Brazil,91.78
SPL-853,Cables,2023-09-23,2023-09-24,415,23013.63,Rail,USA,82.12
SPL-797,Transformers,2023-11-23,2023-12-07,461,42661.78,Ship,USA,99.07
SPL-260,Turbines,2023-07-02,2023-07-04,164,33425.9,Ship,Brazil,84.92
SPL-832,Cables,2023-02-18,2023-02-26,357,19617.37,Rail,Canada,91.66
SPL-382,Gas,2023-11-11,2023-11-12,25,42671.94,Rail,India,92.35
SPL-611,Cables,2023-06-30,2023-07-09,45,33866.27,Air,USA,93.65
SPL-293,Oil,2023-12-06,2024-01-03,381,44104.05,Ship,USA,83.6
SPL-535,Transformers,2023-04-07,2023-04-27,173,44474.65,Rail,Germany,99.34
SPL-953,Pipelines,2023-07-04,2023-07-22,401,48384.38,Truck,India,96.38
SPL-613,Oil,2023-11-22,2023-12-22,143,22241.09,Ship,Canada,81.03
SPL-596,Oil,2023-11-26,2023-12-01,449,2887.3,Air,India,81.67
SPL-313,Turbines,2023-10-29,2023-11-07,136,47419.52,Rail,China,99.47
SPL-355,Oil,2023-07-26,2023-07-29,370,43393.98,Rail,China,85.14
SPL-985,Oil,2023-03-24,2023-04-07,142,22411.92,Truck,India,95.23
SPL-957,Gas,2023-08-25,2023-08-28,372,1094.4,Truck,India,90.34
SPL-371,Transformers,2023-07-23,2023-07-26,50,21638.16,Rail,China,99.43
SPL-737,Transformers,2023-11-16,2023-12-16,473,10900.26,Rail,Canada,98.96
SPL-684,Cables,2023-01-14,2023-02-10,391,9025.57,Air,Canada,99.41
SPL-278,Pipelines,2023-12-15,2023-12-30,254,11965.18,Rail,USA,99.3
SPL-474,Transformers,2023-09-26,2023-10-07,290,3595.55,Air,China,84.03
SPL-751,Cables,2023-07-06,2023-07-13,350,17476.63,Air,Germany,84.5
SPL-896,Cables,2023-04-29,2023-05-19,256,38331.18,Rail,India,80.79
SPL-579,Pipelines,2023-08-11,2023-09-05,213,17171.9,Truck,Germany,92.96
SPL-784,Oil,2023-10-22,2023-11-08,121,11377.94,Truck,Canada,81.71
SPL-409,Cables,2023-09-15,2023-09-28,23,41448.48,Air,India,91.31
SPL-480,Transformers,2023-10-31,2023-11-08,402,18317.4,Ship,China,93.78
SPL-207,Pipelines,2023-09-19,2023-09-21,121,39536.29,Rail,Brazil,83.51
SPL-125,Oil,2023-05-16,2023-06-13,247,15229.57,Truck,India,83.56
SPL-547,Cables,2023-03-12,2023-03-23,207,26234.61,Rail,Canada,83.29
SPL-967,Cables,2023-04-12,2023-04-24,366,12374.21,Air,USA,82.54
SPL-845,Pipelines,2023-09-30,2023-10-13,360,22566.2,Rail,India,88.63
SPL-995,Turbines,2023-02-25,2023-03-12,91,1658.89,Truck,Germany,88.37
SPL-426,Cables,2023-11-19,2023-11-26,35,26418.87,Ship,China,80.91
SPL-587,Cables,2023-10-09,2023-10-21,396,47532.78,Rail,Germany,95.64
SPL-969,Cables,2023-05-30,2023-06-09,390,16253.11,Ship,China,82.92
SPL-637,Gas,2023-02-26,2023-03-02,132,17329.07,Truck,Canada,82.89
SPL-618,Pipelines,2023-03-16,2023-03-26,415,23017.53,Air,USA,99.27
SPL-850,Cables,2023-04-04,2023-04-21,80,19638.11,Rail,Canada,84.02
SPL-934,Cables,2023-01-15,2023-02-13,180,37929.65,Air,Brazil,84.91
SPL-405,Oil,2023-06-23,2023-07-01,167,40633.79,Air,Brazil,92.09
SPL-206,Transformers,2023-08-24,2023-08-27,215,14609.32,Air,China,84.89
SPL-638,Gas,2023-10-19,2023-10-24,338,49562.01,Rail,USA,91.18
SPL-630,Pipelines,2023-10-25,2023-11-10,145,37361.21,Ship,India,86.78
SPL-375,Cables,2023-02-16,2023-03-12,187,42540.14,Rail,Brazil,97.0
SPL-683,Transformers,2023-02-06,2023-03-08,55,38788.74,Rail,China,89.11
SPL-280,Cables,2023-03-31,2023-04-05,415,39756.88,Air,China,86.25
SPL-729,Pipelines,2023-11-13,2023-11-15,386,21886.0,Air,India,87.85
SPL-261,Pipelines,2023-04-15,2023-05-09,261,2232.02,Air,China,99.28
SPL-443,Turbines,2023-09-06,2023-10-04,373,9723.88,Truck,China,94.52
SPL-669,Turbines,2023-06-01,2023-06-26,367,27303.5,Rail,India,93.28
SPL-991,Pipelines,2023-07-30,2023-08-05,372,37689.01,Ship,Brazil,99.48
SPL-333,Oil,2023-02-24,2023-02-27,260,21981.77,Ship,USA,96.72
SPL-677,Pipelines,2023-02-19,2023-03-11,282,13417.94,Truck,USA,86.85
SPL-492,Transformers,2023-10-05,2023-10-27,221,45241.23,Truck,China,99.83
SPL-490,Gas,2023-01-30,2023-02-03,223,18890.22,Air,USA,95.77
SPL-254,Turbines,2023-04-18,2023-04-24,451,29450.82,Rail,Germany,81.76
SPL-112,Turbines,2023-06-15,2023-06-23,12,31709.22,Truck,Brazil,83.22
SPL-785,Pipelines,2023-01-01,2023-01-24,270,43926.58,Ship,Germany,83.71
SPL-826,Cables,2023-01-29,2023-02-11,48,38934.8,Ship,India,98.13
SPL-788,Oil,2023-12-27,2024-01-26,139,2441.24,Rail,Canada,81.6
SPL-276,Cables,2023-08-27,2023-08-30,356,18560.75,Truck,Canada,82.36
SPL-682,Cables,2023-02-18,2023-03-04,435,6653.98,Rail,Canada,90.26
SPL-113,Turbines,2023-04-26,2023-05-19,72,31162.28,Truck,Canada,87.75
SPL-404,Gas,2023-09-22,2023-10-22,269,38258.7,Ship,India,82.19
SPL-165,Turbines,2023-10-03,2023-11-02,206,21078.51,Ship,Canada,94.28
SPL-476,Oil,2023-09-22,2023-10-21,256,46336.43,Truck,Brazil,82.69
SPL-621,Oil,2023-06-19,2023-07-13,28,36818.43,Rail,China,86.3
SPL-822,Cables,2023-04-14,2023-04-27,352,13530.82,Rail,Brazil,90.34
SPL-425,Transformers,2023-08-05,2023-08-25,87,20684.64,Truck,Canada,85.56
SPL-391,Oil,2023-02-18,2023-02-21,346,25276.37,Rail,Canada,80.06
SPL-147,Cables,2023-07-17,2023-08-05,95,22888.34,Ship,Germany,88.71
SPL-392,Pipelines,2023-05-20,2023-06-11,457,4002.08,Ship,China,95.74
SPL-783,Transformers,2023-12-04,2023-12-07,77,12223.28,Rail,Germany,98.84
SPL-536,Gas,2023-09-08,2023-09-12,351,12156.33,Rail,Brazil,86.48
SPL-642,Oil,2023-12-27,2023-12-28,143,9150.32,Truck,India,97.58
SPL-191,Turbines,2023-01-29,2023-02-19,369,41347.01,Truck,India,89.76
SPL-970,Pipelines,2023-10-07,2023-11-04,337,36719.66,Truck,Brazil,80.04
SPL-548,Oil,2023-01-23,2023-02-07,266,49136.54,Rail,Canada,90.45
SPL-417,Oil,2023-04-13,2023-04-26,440,18909.47,Rail,China,83.16
SPL-424,Transformers,2023-11-11,2023-11-22,266,30511.04,Rail,Brazil,96.15
SPL-804,Oil,2023-12-03,2023-12-08,366,22944.92,Air,India,95.52
SPL-102,Gas,2023-07-10,2023-07-22,337,26953.59,Ship,India,99.1
SPL-679,Transformers,2023-04-26,2023-05-25,133,44806.63,Rail,Brazil,80.13
SPL-496,Pipelines,2023-01-27,2023-02-04,24,4363.36,Truck,Canada,96.26
SPL-964,Pipelines,2023-08-26,2023-09-06,166,3156.22,Rail,India,98.23
SPL-585,Pipelines,2023-06-08,2023-06-13,434,46966.75,Rail,Germany,90.8
SPL-211,Transformers,2023-12-25,2023-12-30,122,32708.07,Truck,Germany,99.87
SPL-624,Oil,2023-12-13,2023-12-20,441,25208.82,Rail,India,90.73
SPL-377,Gas,2023-06-10,2023-07-02,479,23624.25,Truck,USA,87.93
SPL-693,Turbines,2023-01-18,2023-02-04,133,25732.26,Truck,Brazil,81.39
SPL-941,Pipelines,2023-09-09,2023-10-09,179,39185.77,Truck,China,89.66
SPL-950,Transformers,2023-10-16,2023-10-28,118,42467.52,Ship,Canada,88.59
SPL-126,Cables,2023-10-20,2023-10-25,385,30132.2,Air,Germany,82.79
SPL-842,Gas,2023-10-18,2023-10-30,27,45807.5,Rail,China,84.76
SPL-295,Cables,2023-11-21,2023-11-29,397,40689.99,Rail,China,96.16
SPL-134,Turbines,2023-10-05,2023-11-01,92,29460.76,Rail,India,88.74
SPL-216,Oil,2023-04-14,2023-04-27,115,30582.45,Air,Germany,97.49
SPL-941,Oil,2023-11-26,2023-12-02,149,5950.49,Air,Germany,98.28
SPL-132,Gas,2023-06-28,2023-07-26,255,37232.69,Air,Canada,81.24
SPL-209,Cables,2023-04-26,2023-05-15,57,12511.47,Ship,India,94.47
SPL-119,Oil,2023-11-23,2023-12-12,285,27977.98,Air,India,82.22
SPL-429,Gas,2023-01-27,2023-02-11,314,33869.77,Ship,India,86.47
SPL-388,Pipelines,2023-10-14,2023-10-20,205,6575.01,Rail,Canada,98.39
SPL-916,Gas,2023-09-02,2023-09-25,435,2330.51,Ship,Germany,88.59
SPL-625,Pipelines,2023-04-15,2023-05-05,435,49145.47,Truck,Brazil,85.29
SPL-241,Transformers,2023-07-25,2023-08-05,391,36645.9,Ship,India,98.62
SPL-704,Cables,2023-07-08,2023-07-19,280,11113.82,Truck,China,89.23
SPL-573,Gas,2023-12-25,2024-01-18,211,28579.53,Truck,Brazil,94.14
SPL-629,Oil,2023-05-02,2023-05-14,169,40853.01,Truck,Germany,95.79
SPL-575,Pipelines,2023-03-21,2023-04-15,486,27935.11,Ship,India,96.64
SPL-457,Gas,2023-12-29,2024-01-05,169,21266.86,Rail,USA,98.22
SPL-626,Transformers,2023-10-28,2023-11-06,261,29838.12,Truck,Brazil,93.36
SPL-728,Cables,2023-06-20,2023-07-19,123,37517.03,Truck,USA,85.76
SPL-834,Cables,2023-07-04,2023-07-13,280,18474.08,Truck,Canada,89.17
SPL-420,Cables,2023-07-06,2023-07-27,237,48688.96,Rail,India,88.14
SPL-299,Cables,2023-06-18,2023-07-02,311,31821.49,Truck,Germany,93.84
SPL-403,Oil,2023-09-03,2023-09-12,430,33860.35,Air,Canada,98.68
SPL-300,Cables,2023-10-24,2023-11-10,472,9277.62,Air,USA,91.05
SPL-161,Cables,2023-06-03,2023-06-06,339,27456.36,Air,Canada,97.62
SPL-229,Oil,2023-08-11,2023-09-10,210,28785.52,Ship,Brazil,81.54
SPL-528,Turbines,2023-05-31,2023-06-24,210,33539.71,Ship,India,94.42
SPL-395,Turbines,2023-12-30,2024-01-27,162,41325.38,Rail,Canada,87.93
SPL-150,Turbines,2023-04-30,2023-05-02,77,7183.8,Air,Canada,85.94
SPL-119,Turbines,2023-09-02,2023-09-21,237,17275.49,Rail,Germany,90.28
SPL-445,Pipelines,2023-07-15,2023-07-24,44,49646.05,Air,China,89.81
SPL-441,Turbines,2023-07-05,2023-07-28,444,2467.6,Rail,Germany,95.2
SPL-961,Turbines,2023-09-10,2023-09-26,195,28295.83,Truck,Canada,88.1
SPL-238,Turbines,2023-06-20,2023-06-25,314,12855.68,Rail,China,91.16
SPL-977,Cables,2023-12-29,2024-01-18,375,26702.06,Truck,Canada,99.75
SPL-310,Oil,2023-05-14,2023-05-17,93,10763.95,Air,USA,96.92
SPL-672,Transformers,2023-05-31,2023-06-01,236,10201.18,Air,Canada,97.16
SPL-446,Turbines,2023-01-25,2023-01-30,91,13388.53,Rail,Canada,83.69
SPL-617,Cables,2023-10-21,2023-11-05,434,13821.94,Truck,India,85.76
SPL-521,Oil,2023-07-28,2023-08-27,415,23806.48,Ship,Canada,90.97
SPL-932,Pipelines,2023-02-07,2023-03-02,98,48064.29,Ship,Brazil,94.55
SPL-953,Gas,2023-07-17,2023-08-05,393,18134.41,Air,India,87.04
SPL-391,Gas,2023-09-15,2023-09-25,190,48329.02,Air,USA,96.54
SPL-352,Pipelines,2023-02-10,2023-02-20,11,17203.9,Air,USA,84.95
SPL-402,Gas,2023-11-06,2023-11-30,399,25894.7,Truck,Canada,97.77
SPL-488,Transformers,2023-11-11,2023-11-21,174,38490.03,Ship,Germany,87.18
SPL-667,Pipelines,2023-07-27,2023-08-25,102,37690.91,Air,Germany,99.89
SPL-270,Pipelines,2023-09-09,2023-09-28,259,29542.43,Rail,USA,89.43
SPL-344,Transformers,2023-04-13,2023-05-10,137,23725.66,Truck,India,89.91
SPL-361,Oil,2023-12-26,2024-01-15,431,10775.43,Truck,China,90.23
SPL-730,Transformers,2023-02-27,2023-03-18,23,11135.92,Rail,Brazil,83.98
SPL-570,Gas,2023-11-17,2023-11-21,411,45341.27,Air,USA,85.09
SPL-763,Pipelines,2023-03-28,2023-04-05,498,10222.24,Ship,Germany,99.53
SPL-681,Pipelines,2023-07-16,2023-08-13,253,19625.48,Rail,Brazil,88.04
SPL-852,Cables,2023-04-11,2023-04-24,226,44504.56,Rail,USA,88.85
SPL-310,Cables,2023-10-26,2023-11-02,284,19674.58,Ship,China,82.35
SPL-657,Gas,2023-01-11,2023-01-31,411,40706.47,Truck,India,94.34
SPL-441,Transformers,2023-09-11,2023-09-28,136,10421.37,Air,Brazil,92.59
SPL-673,Turbines,2023-09-01,2023-09-22,109,18906.81,Ship,Canada,94.35
SPL-789,Pipelines,2023-01-06,2023-01-30,90,15384.86,Air,Germany,88.19
SPL-500,Turbines,2023-03-12,2023-03-29,246,15943.77,Rail,Germany,90.44
SPL-915,Oil,2023-05-22,2023-06-20,58,21678.68,Air,Canada,92.29
SPL-295,Cables,2023-06-10,2023-06-29,170,46643.48,Truck,China,99.11
SPL-350,Cables,2023-05-24,2023-06-18,94,5747.27,Air,Germany,95.89
SPL-531,Oil,2023-03-25,2023-04-22,298,21537.96,Air,Germany,90.3
SPL-260,Transformers,2023-01-19,2023-02-16,138,48847.54,Truck,India,87.76
SPL-454,Transformers,2023-08-17,2023-08-27,447,34758.79,Ship,USA,93.61
SPL-775,Pipelines,2023-06-06,2023-06-30,170,24425.25,Ship,China,98.79
SPL-442,Pipelines,2023-04-16,2023-05-10,437,44638.33,Truck,India,95.07
SPL-688,Transformers,2023-12-28,2024-01-20,260,34534.41,Air,USA,95.62
SPL-980,Turbines,2023-02-27,2023-03-10,84,49276.05,Ship,Brazil,91.13
SPL-114,Gas,2023-02-08,2023-02-25,306,25492.36,Air,India,95.98
SPL-352,Oil,2023-05-08,2023-05-29,19,27210.22,Ship,Brazil,91.14
SPL-451,Oil,2023-10-25,2023-10-30,400,34944.13,Ship,Brazil,98.54
SPL-396,Transformers,2023-10-04,2023-10-11,301,13941.92,Air,Canada,82.01
SPL-801,Cables,2023-10-02,2023-10-25,399,36428.72,Air,USA,90.37
SPL-281,Transformers,2023-12-20,2023-12-25,333,27591.26,Air,Canada,82.5
SPL-462,Gas,2023-09-21,2023-09-27,221,19935.59,Rail,India,94.29
SPL-119,Cables,2023-07-06,2023-08-04,295,42291.99,Rail,India,84.33
SPL-617,Gas,2023-09-09,2023-10-01,371,9165.48,Truck,USA,84.89
SPL-962,Turbines,2023-05-28,2023-06-26,257,25353.5,Air,India,80.82
SPL-150,Transformers,2023-02-18,2023-03-16,426,25159.6,Ship,China,87.99
SPL-453,Turbines,2023-07-28,2023-08-27,31,36351.09,Ship,India,83.69
SPL-858,Oil,2023-10-29,2023-11-06,125,46943.22,Truck,USA,91.33
SPL-538,Turbines,2023-09-11,2023-09-30,323,15111.15,Air,China,90.21
SPL-426,Transformers,2023-04-16,2023-05-10,403,34866.48,Air,USA,89.47
SPL-733,Turbines,2023-01-17,2023-02-02,267,15559.29,Air,Canada,81.81
SPL-790,Oil,2023-05-19,2023-06-02,189,45141.45,Truck,USA,88.54
SPL-112,Cables,2023-10-20,2023-11-04,59,9031.54,Ship,China,85.98
SPL-375,Transformers,2023-04-27,2023-05-26,95,14786.77,Rail,Germany,80.06
SPL-310,Turbines,2023-03-06,2023-03-25,29,33442.21,Rail,India,83.65
SPL-745,Oil,2023-02-26,2023-03-11,380,38603.13,Ship,USA,98.35
SPL-406,Oil,2023-01-27,2023-02-13,126,22438.65,Rail,India,87.03
SPL-941,Turbines,2023-12-30,2024-01-11,239,49590.87,Truck,Germany,89.8
SPL-585,Pipelines,2023-06-20,2023-06-22,295,40231.02,Air,China,93.09
SPL-982,Transformers,2023-01-24,2023-01-25,430,22344.61,Rail,USA,88.39
SPL-710,Oil,2023-05-06,2023-05-08,159,13487.16,Truck,Canada,80.2
SPL-494,Oil,2023-04-07,2023-04-16,474,31227.2,Ship,India,95.11
SPL-671,Gas,2023-08-27,2023-09-10,387,3217.5,Rail,Canada,97.02
SPL-501,Turbines,2023-02-20,2023-03-16,347,24116.71,Ship,Germany,94.52
SPL-302,Cables,2023-02-13,2023-02-24,84,5603.7,Ship,Brazil,85.95
SPL-625,Transformers,2023-07-31,2023-08-25,111,22778.05,Rail,India,99.16
SPL-455,Cables,2023-03-22,2023-04-20,89,38221.3,Ship,Canada,87.32
SPL-775,Turbines,2023-06-16,2023-07-14,255,14431.49,Rail,Germany,87.46
SPL-839,Oil,2023-05-27,2023-05-30,486,35675.41,Truck,India,84.05
SPL-303,Oil,2023-02-19,2023-02-24,80,41845.17,Rail,China,94.12
SPL-180,Cables,2023-04-07,2023-05-02,467,32693.67,Truck,China,80.86
SPL-136,Pipelines,2023-12-17,2024-01-15,114,10789.82,Truck,China,86.62
SPL-634,Turbines,2023-05-31,2023-06-28,247,27674.54,Rail,Brazil,99.18
SPL-980,Oil,2023-05-02,2023-05-14,41,14374.77,Truck,Brazil,91.79
SPL-696,Cables,2023-08-15,2023-08-20,230,37335.16,Truck,Canada,88.92
SPL-293,Pipelines,2023-01-14,2023-02-07,106,4464.06,Truck,Brazil,96.05
SPL-282,Transformers,2023-05-14,2023-06-06,448,39351.7,Rail,Germany,80.12
SPL-789,Pipelines,2023-11-13,2023-12-12,12,10365.45,Air,USA,85.36
SPL-164,Oil,2023-03-13,2023-04-03,392,24299.84,Air,USA,97.51
SPL-362,Turbines,2023-05-10,2023-05-21,234,28957.85,Truck,India,88.89
SPL-506,Cables,2023-11-25,2023-12-01,462,37231.39,Air,Canada,99.75
SPL-390,Gas,2023-12-06,2023-12-26,396,29566.79,Truck,Canada,82.4
SPL-707,Gas,2023-01-12,2023-01-21,457,48823.71,Ship,Germany,92.42
SPL-108,Transformers,2023-11-07,2023-11-16,404,19473.68,Ship,Canada,90.43
SPL-512,Oil,2023-08-24,2023-09-18,398,49410.7,Rail,India,86.42
SPL-566,Turbines,2023-02-03,2023-02-07,474,42021.21,Air,Canada,97.77
SPL-492,Pipelines,2023-03-30,2023-04-22,368,39181.43,Rail,China,88.76
SPL-608,Transformers,2023-07-08,2023-07-10,498,32300.11,Ship,China,91.28
SPL-815,Turbines,2023-04-23,2023-05-03,341,42627.7,Rail,Germany,83.98
SPL-928,Transformers,2023-08-18,2023-09-15,225,19384.45,Truck,India,84.68
SPL-396,Transformers,2023-07-06,2023-07-13,108,35694.38,Air,China,80.08
SPL-316,Cables,2023-07-16,2023-07-29,281,45112.53,Air,Brazil,89.35
SPL-617,Oil,2023-03-03,2023-03-31,138,29292.77,Ship,Canada,97.2
SPL-800,Transformers,2023-09-29,2023-10-07,477,24685.98,Ship,Germany,88.15
SPL-376,Gas,2023-12-18,2024-01-15,167,10412.37,Truck,Brazil,80.09
SPL-533,Gas,2023-07-09,2023-07-15,164,46727.56,Truck,India,83.12
SPL-843,Oil,2023-05-06,2023-05-14,111,46498.95,Air,Germany,80.41
SPL-917,Cables,2023-11-05,2023-11-21,114,48186.94,Truck,USA,94.43
SPL-537,Oil,2023-11-21,2023-12-09,228,15751.29,Air,India,87.59
SPL-748,Cables,2023-06-15,2023-07-05,309,2867.71,Rail,Germany,95.86
SPL-647,Gas,2023-03-26,2023-04-06,38,27716.79,Air,India,95.39
SPL-272,Pipelines,2023-04-07,2023-04-25,230,49636.91,Rail,India,88.38
SPL-585,Cables,2023-09-04,2023-09-20,174,48374.21,Air,Germany,84.53
SPL-833,Pipelines,2023-03-09,2023-03-27,351,11788.25,Rail,India,85.56
SPL-902,Oil,2023-01-20,2023-02-12,80,41439.25,Ship,USA,81.81
SPL-480,Turbines,2023-06-05,2023-06-15,184,39605.58,Air,China,86.79
SPL-187,Oil,2023-01-03,2023-01-26,74,25860.55,Air,Canada,89.32
SPL-737,Gas,2023-10-01,2023-10-14,187,41260.23,Truck,Germany,91.29
SPL-904,Oil,2023-12-19,2023-12-23,407,7566.11,Air,China,81.55
SPL-336,Transformers,2023-04-04,2023-04-25,88,34061.97,Air,India,80.13
SPL-605,Turbines,2023-09-13,2023-09-28,250,14956.88,Rail,China,99.78
SPL-813,Transformers,2023-07-28,2023-08-26,363,26790.66,Truck,China,96.63
SPL-386,Cables,2023-06-28,2023-07-24,437,2323.88,Truck,China,83.14
SPL-260,Pipelines,2023-05-19,2023-06-17,344,47876.86,Ship,China,99.52
SPL-551,Transformers,2023-12-03,2023-12-20,47,39604.19,Ship,India,98.3
SPL-864,Transformers,2023-02-09,2023-02-11,392,33400.18,Air,Canada,94.53
SPL-990,Oil,2023-03-19,2023-03-21,345,36541.51,Rail,Canada,82.25
SPL-221,Gas,2023-02-14,2023-03-03,346,47844.95,Ship,USA,96.81
SPL-806,Turbines,2023-12-28,2024-01-10,235,48218.13,Air,Brazil,84.16
SPL-417,Turbines,2023-05-24,2023-06-07,95,26636.29,Ship,Germany,91.36
SPL-839,Transformers,2023-06-10,2023-06-15,119,7151.99,Air,USA,94.06
SPL-419,Pipelines,2023-08-11,2023-09-03,83,21356.38,Air,Canada,94.7
SPL-907,Transformers,2023-12-04,2023-12-07,215,31420.25,Truck,China,97.62
SPL-165,Cables,2023-02-27,2023-03-27,49,43024.3,Air,USA,80.69
SPL-716,Transformers,2023-08-14,2023-08-26,300,31429.91,Rail,USA,99.7
SPL-404,Pipelines,2023-09-23,2023-10-07,322,10443.79,Truck,USA,90.76
SPL-304,Cables,2023-07-03,2023-07-24,336,1555.72,Ship,Canada,95.49
SPL-209,Gas,2023-11-07,2023-11-29,360,3768.8,Air,Brazil,91.21
SPL-283,Cables,2023-03-07,2023-03-26,243,7070.56,Rail,India,91.18
SPL-115,Gas,2023-02-09,2023-03-07,167,3485.68,Air,Brazil,89.64
SPL-524,Gas,2023-02-09,2023-02-10,157,9871.34,Truck,USA,94.73
SPL-289,Cables,2023-01-28,2023-02-06,357,6263.73,Ship,India,94.22
SPL-714,Oil,2023-10-09,2023-10-26,282,2319.12,Air,Brazil,91.5
SPL-749,Oil,2023-04-14,2023-04-19,441,33634.73,Ship,China,96.55
SPL-511,Pipelines,2023-07-22,2023-08-10,248,37753.6,Ship,USA,90.13
SPL-522,Pipelines,2023-07-06,2023-07-07,124,8530.01,Rail,USA,86.06
SPL-736,Turbines,2023-11-02,2023-11-21,318,17764.92,Rail,Canada,81.3
SPL-714,Gas,2023-08-04,2023-08-10,86,30262.37,Air,China,87.29
SPL-490,Transformers,2023-12-30,2024-01-19,305,18491.02,Air,China,86.42
SPL-106,Turbines,2023-03-29,2023-04-11,355,43986.95,Air,China,93.84
SPL-697,Turbines,2023-11-16,2023-11-30,100,21588.85,Rail,Brazil,82.95
SPL-252,Oil,2023-06-22,2023-07-04,39,37979.01,Ship,Germany,81.14
SPL-522,Turbines,2023-06-22,2023-07-21,237,26172.17,Truck,USA,99.35
SPL-992,Gas,2023-01-19,2023-01-22,13,38543.43,Air,Canada,87.42
SPL-497,Pipelines,2023-11-20,2023-12-06,461,40490.52,Air,Canada,95.87
SPL-385,Pipelines,2023-02-07,2023-03-01,128,47459.12,Rail,USA,99.85
SPL-962,Cables,2023-11-22,2023-12-06,69,19935.26,Truck,Brazil,82.77
SPL-124,Transformers,2023-01-31,2023-02-15,131,6365.4,Truck,China,85.01
SPL-394,Pipelines,2023-10-22,2023-11-18,21,8206.85,Truck,USA,82.92
SPL-257,Turbines,2023-07-11,2023-08-03,20,9948.87,Rail,Germany,85.8
SPL-530,Oil,2023-12-13,2024-01-05,25,40227.94,Air,USA,92.93
SPL-459,Turbines,2023-05-13,2023-06-07,111,10105.15,Air,Canada,84.93
SPL-187,Transformers,2023-09-12,2023-09-29,43,1593.02,Truck,Brazil,97.68
SPL-932,Turbines,2023-10-15,2023-10-22,128,12665.79,Rail,India,98.25
SPL-769,Gas,2023-12-17,2024-01-12,249,17012.83,Air,India,87.58
SPL-392,Gas,2023-09-16,2023-10-02,117,31473.08,Ship,USA,86.13
SPL-231,Gas,2023-11-21,2023-12-11,136,34729.96,Rail,India,81.63
SPL-372,Transformers,2023-05-17,2023-05-21,377,20749.0,Rail,Germany,86.33
SPL-156,Cables,2023-12-23,2024-01-05,448,23749.14,Truck,China,80.13
SPL-403,Cables,2023-12-09,2024-01-04,143,38245.38,Truck,USA,81.61
SPL-111,Pipelines,2023-10-30,2023-11-05,149,47157.52,Truck,USA,95.72
SPL-683,Turbines,2023-04-03,2023-05-02,349,37387.73,Truck,Canada,81.34
SPL-427,Oil,2023-11-08,2023-12-07,307,20606.91,Rail,China,93.39
SPL-552,Transformers,2023-06-30,2023-07-16,479,18704.57,Truck,China,99.58
SPL-601,Gas,2023-06-21,2023-07-16,440,39720.11,Ship,Germany,99.1
SPL-159,Cables,2023-05-27,2023-06-12,420,21698.21,Ship,Canada,95.23
SPL-177,Gas,2023-07-15,2023-07-23,282,9904.37,Ship,China,91.3
SPL-381,Turbines,2023-04-03,2023-04-21,327,15097.38,Air,China,91.21
SPL-638,Gas,2023-11-21,2023-11-23,74,46920.72,Rail,India,81.63
SPL-851,Gas,2023-06-01,2023-06-14,404,26055.58,Air,India,98.72
SPL-541,Oil,2023-05-12,2023-05-18,336,37897.95,Rail,Brazil,80.23
SPL-998,Turbines,2023-12-28,2024-01-24,15,38238.72,Rail,Germany,91.34
SPL-145,Oil,2023-07-10,2023-07-13,168,10676.91,Rail,India,82.31
SPL-531,Gas,2023-10-14,2023-10-19,333,5098.09,Rail,Brazil,98.8
SPL-995,Pipelines,2023-09-02,2023-09-13,333,40878.39,Ship,China,98.89
SPL-615,Oil,2023-11-18,2023-12-12,439,20218.97,Rail,Canada,87.95
SPL-429,Oil,2023-07-11,2023-08-08,462,34115.38,Air,USA,91.59
SPL-493,Gas,2023-09-19,2023-09-28,405,41621.88,Air,Canada,85.61
SPL-957,Cables,2023-02-21,2023-03-08,332,2142.58,Truck,China,83.04
SPL-807,Oil,2023-08-02,2023-08-27,180,3963.8,Truck,Germany,89.71
SPL-193,Gas,2023-10-12,2023-10-25,355,37228.35,Truck,Canada,88.56
SPL-610,Turbines,2023-04-22,2023-04-28,336,39246.36,Ship,USA,94.49
SPL-428,Cables,2023-12-27,2024-01-17,48,2162.36,Rail,China,82.69
SPL-564,Cables,2023-06-27,2023-07-06,366,22152.89,Truck,Germany,87.0
SPL-994,Gas,2023-10-04,2023-10-10,361,12629.19,Air,India,98.79
SPL-812,Gas,2023-10-13,2023-10-15,98,3483.99,Air,Canada,84.29
SPL-727,Gas,2023-12-05,2023-12-19,442,35451.0,Rail,Germany,92.21
SPL-470,Gas,2023-11-24,2023-12-23,191,11751.11,Air,India,82.65
SPL-697,Cables,2023-12-30,2024-01-04,124,35999.73,Air,India,91.47
SPL-958,Oil,2023-02-20,2023-02-27,401,17475.44,Truck,Brazil,89.34
SPL-144,Gas,2023-03-16,2023-03-19,314,28714.37,Ship,USA,97.31
SPL-227,Pipelines,2023-08-19,2023-09-13,114,43784.86,Truck,USA,85.19
SPL-467,Turbines,2023-01-19,2023-01-20,475,47729.17,Truck,China,88.5
SPL-910,Turbines,2023-07-14,2023-08-02,459,21305.63,Rail,China,91.09
SPL-149,Turbines,2023-02-17,2023-03-02,269,9442.06,Air,USA,93.89
SPL-604,Cables,2023-04-16,2023-05-09,216,26087.7,Rail,India,90.98
SPL-500,Cables,2023-12-20,2024-01-13,358,44716.63,Air,Brazil,92.93
SPL-221,Pipelines,2023-10-21,2023-10-23,86,2478.1,Air,Germany,87.64
SPL-139,Pipelines,2023-06-11,2023-07-07,393,45567.23,Air,Canada,84.53
SPL-248,Oil,2023-01-14,2023-02-05,173,34286.0,Rail,Germany,90.1
SPL-562,Pipelines,2023-12-11,2023-12-31,387,34475.5,Air,Brazil,95.37
SPL-427,Oil,2023-06-24,2023-07-02,329,6442.89,Truck,India,96.14
SPL-415,Pipelines,2023-12-31,2024-01-08,476,40872.09,Air,Germany,96.23
SPL-840,Gas,2023-02-07,2023-03-02,118,30453.76,Air,Canada,91.61
SPL-833,Turbines,2023-05-24,2023-06-16,16,22590.71,Rail,India,88.77
SPL-298,Transformers,2023-05-08,2023-05-26,46,16762.58,Rail,Canada,99.02
SPL-108,Gas,2023-04-05,2023-04-25,187,32991.62,Ship,China,86.9
SPL-982,Transformers,2023-10-01,2023-10-31,218,36683.17,Truck,Canada,96.94
SPL-768,Turbines,2023-06-30,2023-07-21,245,21566.09,Ship,Brazil,95.78
SPL-609,Transformers,2023-02-03,2023-02-18,465,27993.94,Rail,India,91.32
SPL-618,Transformers,2023-10-15,2023-11-09,417,42541.69,Truck,Canada,97.01
SPL-371,Transformers,2023-07-20,2023-08-17,146,22551.09,Air,Brazil,82.46
SPL-383,Pipelines,2023-09-25,2023-10-25,126,19228.35,Rail,Canada,94.99
SPL-762,Pipelines,2023-09-16,2023-10-02,323,19131.94,Air,China,95.7
SPL-222,Cables,2023-05-24,2023-05-26,201,9108.07,Rail,Germany,84.85
SPL-182,Pipelines,2023-09-24,2023-10-12,121,46258.78,Truck,Germany,85.34
SPL-777,Oil,2023-01-05,2023-01-27,375,32318.77,Truck,Canada,88.11
SPL-541,Transformers,2023-07-02,2023-07-29,473,5794.88,Truck,Canada,94.46
SPL-881,Gas,2023-02-08,2023-03-10,427,3411.68,Air,India,83.02
SPL-247,Cables,2023-12-01,2023-12-27,284,44655.53,Rail,Germany,85.81
SPL-879,Transformers,2023-10-01,2023-10-21,235,15909.62,Ship,USA,98.61
SPL-273,Oil,2023-01-08,2023-01-23,77,4263.39,Ship,Canada,85.09
SPL-479,Turbines,2023-05-17,2023-05-28,33,22743.52,Ship,Canada,94.38
SPL-593,Cables,2023-06-28,2023-07-09,163,13762.61,Ship,Germany,95.97
SPL-147,Oil,2023-05-09,2023-05-23,244,27300.16,Rail,Germany,99.29
SPL-432,Gas,2023-09-14,2023-09-23,291,9465.95,Air,India,80.12
SPL-747,Pipelines,2023-02-05,2023-02-22,418,41090.91,Rail,Canada,90.02
SPL-499,Turbines,2023-02-04,2023-02-11,372,10730.42,Air,USA,80.23
SPL-879,Gas,2023-10-21,2023-10-26,439,40355.11,Ship,Germany,90.29
SPL-531,Turbines,2023-06-25,2023-07-24,273,13553.57,Truck,Germany,93.64
SPL-940,Cables,2023-01-03,2023-01-19,417,37246.22,Air,USA,82.01
SPL-884,Transformers,2023-03-17,2023-03-18,386,45076.55,Rail,Canada,89.93
SPL-690,Oil,2023-04-23,2023-05-10,41,22122.26,Air,Canada,98.04
SPL-405,Gas,2023-09-27,2023-09-30,94,48993.16,Air,Germany,83.43
SPL-232,Pipelines,2023-11-07,2023-11-18,145,22611.02,Air,Germany,80.13
SPL-595,Oil,2023-10-11,2023-10-14,189,32257.28,Air,USA,87.48
SPL-566,Pipelines,2023-04-18,2023-04-23,340,42661.36,Rail,Canada,85.62
SPL-879,Pipelines,2023-09-15,2023-10-08,348,44560.16,Rail,Germany,94.47
SPL-733,Oil,2023-02-02,2023-03-01,442,4890.36,Rail,Brazil,80.52
SPL-723,Gas,2023-06-16,2023-06-17,43,9174.26,Rail,Canada,93.34
SPL-818,Turbines,2023-02-22,2023-03-18,126,5040.13,Air,USA,88.56
SPL-449,Transformers,2023-12-31,2024-01-29,193,38470.51,Ship,India,97.93
SPL-447,Pipelines,2023-03-04,2023-04-03,306,28337.48,Truck,Canada,99.97
SPL-218,Oil,2023-10-13,2023-11-05,127,11695.47,Truck,Canada,92.81
SPL-515,Turbines,2023-12-04,2023-12-27,412,46707.59,Truck,Germany,93.07
SPL-707,Transformers,2023-03-19,2023-04-12,477,2282.05,Ship,Brazil,80.53
SPL-151,Turbines,2023-08-26,2023-09-01,221,39988.37,Rail,USA,95.3
SPL-864,Oil,2023-06-01,2023-06-26,259,3941.55,Ship,China,92.92
SPL-911,Cables,2023-05-29,2023-06-27,122,20239.03,Air,India,90.8
SPL-113,Oil,2023-05-19,2023-05-20,201,19508.75,Ship,China,97.05
SPL-710,Transformers,2023-04-27,2023-04-29,156,23627.16,Ship,USA,96.04
SPL-387,Turbines,2023-01-13,2023-01-18,284,27432.73,Truck,India,84.44
SPL-608,Turbines,2023-11-08,2023-12-04,194,4935.02,Truck,Canada,92.71
SPL-796,Cables,2023-09-08,2023-09-11,329,16122.76,Truck,China,97.52
SPL-937,Cables,2023-10-21,2023-11-13,164,38707.51,Truck,Brazil,92.98
SPL-212,Turbines,2023-03-03,2023-03-29,319,24679.66,Ship,Germany,80.37
SPL-515,Transformers,2023-05-30,2023-06-01,33,21867.99,Truck,Germany,89.7
SPL-986,Cables,2023-10-04,2023-10-23,20,4996.04,Ship,India,97.85
SPL-589,Oil,2023-05-23,2023-06-18,311,29172.12,Rail,China,99.87
SPL-563,Oil,2023-03-19,2023-04-02,42,29355.61,Truck,Germany,92.39
SPL-750,Oil,2023-05-19,2023-06-04,467,45336.43,Rail,Brazil,99.44
SPL-935,Pipelines,2023-11-24,2023-12-14,112,27850.98,Truck,India,93.44
SPL-120,Turbines,2023-06-01,2023-06-30,348,39651.29,Truck,Canada,91.0
SPL-178,Turbines,2023-08-25,2023-09-12,180,15255.45,Air,China,93.28
SPL-966,Pipelines,2023-06-07,2023-06-16,301,16742.15,Truck,Brazil,87.7
SPL-251,Transformers,2023-03-04,2023-03-09,335,1531.72,Ship,India,85.13
SPL-577,Turbines,2023-03-14,2023-04-03,376,1379.6,Ship,USA,94.9
SPL-383,Turbines,2023-11-05,2023-11-19,155,29194.2,Air,Canada,94.86
SPL-175,Cables,2023-02-18,2023-03-02,106,3644.23,Truck,Germany,94.36
SPL-723,Turbines,2023-07-04,2023-07-08,141,47894.05,Air,Germany,85.68
SPL-880,Cables,2023-04-14,2023-04-27,241,45731.83,Truck,Germany,91.02
SPL-448,Pipelines,2023-02-18,2023-02-27,163,25824.96,Truck,USA,98.68
SPL-206,Oil,2023-07-25,2023-08-12,297,26432.17,Truck,India,80.37
SPL-367,Pipelines,2023-08-26,2023-09-23,90,28319.44,Ship,India,93.29
SPL-156,Cables,2023-12-04,2023-12-16,249,12135.34,Air,Brazil,97.4
SPL-296,Gas,2023-07-23,2023-08-15,57,38372.73,Air,Canada,94.3
SPL-899,Turbines,2023-09-23,2023-09-27,476,39580.04,Air,USA,99.78
SPL-564,Pipelines,2023-11-25,2023-12-06,352,42804.65,Air,Germany,80.44
SPL-760,Cables,2023-06-29,2023-07-14,18,12189.49,Rail,India,97.04
SPL-691,Pipelines,2023-08-02,2023-08-14,355,16966.64,Truck,China,86.07
SPL-289,Transformers,2023-09-29,2023-10-05,130,7560.14,Air,Germany,99.55
SPL-407,Pipelines,2023-01-21,2023-02-19,216,41433.86,Rail,Brazil,95.52
SPL-567,Gas,2023-02-22,2023-03-17,434,45204.49,Truck,China,97.23
SPL-115,Cables,2023-09-30,2023-10-30,246,7301.12,Truck,USA,88.62
SPL-321,Cables,2023-06-03,2023-06-25,383,41443.0,Air,USA,88.39
SPL-614,Cables,2023-04-11,2023-04-24,387,18390.59,Truck,Brazil,96.81
SPL-698,Transformers,2023-06-22,2023-07-02,228,15869.35,Truck,USA,85.57
SPL-408,Turbines,2023-07-02,2023-07-25,122,12291.28,Air,India,99.05
SPL-659,Pipelines,2023-01-30,2023-02-20,434,22645.23,Truck,USA,84.78
SPL-745,Gas,2023-06-20,2023-07-02,33,14183.19,Air,India,95.96
SPL-158,Gas,2023-03-11,2023-03-22,439,16950.02,Air,China,90.86
SPL-341,Cables,2023-01-01,2023-01-27,324,16073.39,Truck,Brazil,86.07
SPL-113,Gas,2023-05-26,2023-05-28,97,32943.81,Rail,China,87.75
